Edad,Genero,Region,Canal,Visitas_Mensuales,Compras,Monto_Promedio,Gasto_Total,Devoluciones,Satisfaccion
27,Femenino,Norte,Web,13,2,43400.0,86800,1,3.82
28,Masculino,Centro,App,17,3,42112.0,126336,0,4.66
35,Masculino,Sur,App,15,2,45476.0,90952,0,4.66
42,Masculino,Centro,Web,9,3,36358.0,109074,0,4.32
48,Femenino,Sur,Web,8,4,49612.0,198448,0,4.44
28,Femenino,Centro,Web,6,2,45738.0,91476,0,4.86
55,Femenino,Centro,App,16,3,52038.0,156114,0,4.4
34,Masculino,Sur,App,17,4,27617.0,110468,0,4.55
37,Masculino,Norte,Web,12,5,47953.0,239765,0,4.37
29,Masculino,Centro,Web,11,2,28093.0,56186,0,4.51
18,Femenino,Norte,App,13,2,30814.0,61628,0,4.54
48,Otro,Sur,Web,11,1,,35068,0,4.62
46,Masculino,Sur,Web,9,2,24922.0,49844,0,4.3
34,Femenino,Norte,Web,6,4,14273.0,57092,0,4.61
38,Femenino,Centro,App,13,2,50384.0,100768,1,3.6
44,Femenino,Sur,Web,7,2,28173.0,56346,0,4.53
19,Femenino,Norte,Web,10,4,29613.0,118452,0,4.82
31,Masculino,Centro,App,24,3,25881.0,77643,0,4.94
47,Femenino,Sur,Web,8,4,33970.0,135880,1,3.54
22,Femenino,Norte,Web,10,1,27229.0,27229,1,4.28
41,Masculino,Centro,Web,9,3,51499.0,154497,0,4.55
21,Femenino,Centro,Web,6,6,26063.0,156378,0,4.42
43,Femenino,Sur,App,17,3,57024.0,171072,0,4.45
37,Femenino,Sur,Web,13,1,49221.0,49221,2,3.1
18,Femenino,Sur,Web,13,3,27006.0,81018,1,4.38
51,Masculino,Centro,Web,10,6,,248922,0,4.29
29,Femenino,Sur,App,31,4,40582.0,162328,1,3.23
28,Masculino,Sur,App,21,4,44299.0,177196,1,3.92
40,Masculino,Centro,Web,9,1,,47285,0,4.87
51,Femenino,Sur,Web,12,5,39889.0,199445,0,4.77
25,Masculino,Norte,App,11,0,22296.0,0,0,4.8
38,Femenino,Centro,Web,8,5,43390.0,216950,0,4.35
43,Femenino,Norte,App,17,2,33611.0,67222,1,3.63
46,Masculino,Norte,App,16,0,5000.0,0,0,4.77
40,Otro,Norte,App,19,3,40683.0,122049,1,4.43
33,Masculino,Centro,Web,9,6,26140.0,156840,2,3.23
28,Femenino,Centro,Web,9,3,28699.0,86097,0,4.82
39,Femenino,Centro,App,22,2,,71844,0,4.37
25,Masculino,Norte,Web,11,2,15106.0,30212,1,3.95
18,Femenino,Centro,Web,13,2,34368.0,68736,1,
43,Femenino,Centro,App,23,3,32649.0,97947,1,4.45
48,Masculino,Sur,App,22,7,26673.0,186711,0,4.44
18,Femenino,Centro,Web,10,0,33254.0,0,0,4.35
25,Masculino,Centro,Web,7,3,13467.0,40401,0,4.18
45,Femenino,Sur,Web,11,3,37657.0,112971,1,3.95
62,Masculino,Centro,App,22,4,44947.0,179788,0,4.82
38,Femenino,Norte,App,14,3,39362.0,118086,1,4.34
29,Masculino,Norte,Web,4,3,43816.0,131448,0,4.88
35,Masculino,Sur,Web,6,3,49234.0,147702,2,2.84
54,Femenino,Norte,App,14,3,37123.0,111369,0,5.0
30,Otro,Sur,Web,3,7,47645.0,333515,0,4.28
28,Masculino,Centro,Web,10,2,33178.0,66356,0,4.42
32,Masculino,Sur,App,16,2,26406.0,52812,0,4.7
26,Masculino,Sur,Web,6,3,29186.0,87558,0,4.29
39,Masculino,Sur,App,10,3,39053.0,117159,0,5.0
57,Masculino,Centro,Web,11,4,51572.0,206288,0,5.0
41,Femenino,Sur,Web,14,2,36167.0,72334,0,4.62
34,Femenino,Centro,App,29,3,27016.0,81048,1,3.67
34,Femenino,Centro,Web,5,3,52431.0,157293,0,4.63
19,Femenino,Centro,App,13,3,15632.0,46896,0,4.43
48,Femenino,Sur,Web,11,2,29193.0,58386,1,4.02
37,Femenino,Sur,Web,8,3,46263.0,138789,0,4.29
35,Masculino,Sur,Web,6,1,56447.0,56447,1,3.97
75,Femenino,Centro,Web,6,5,47018.0,235090,0,5.0
41,Femenino,Centro,Web,7,4,39148.0,939552,0,4.1
28,Masculino,Centro,Web,17,3,30709.0,92127,0,4.29
32,Femenino,Norte,Web,9,4,41376.0,165504,0,4.53
51,Masculino,Norte,Web,4,3,39202.0,117606,0,4.92
39,Femenino,Centro,App,20,3,26795.0,80385,0,4.96
20,Otro,Centro,App,17,4,,117168,0,4.84
49,Masculino,Centro,App,17,3,26940.0,80820,0,4.24
29,Femenino,Norte,Web,8,4,34513.0,138052,0,4.44
60,Femenino,Norte,Web,11,2,40942.0,81884,0,4.53
50,Masculino,Norte,App,16,5,57112.0,285560,0,4.73
32,Masculino,Sur,Web,7,4,27631.0,110524,0,4.67
53,Masculino,Centro,Web,12,2,35780.0,71560,0,4.35
38,Masculino,Centro,App,18,3,50810.0,152430,0,4.56
48,Femenino,Centro,App,10,4,58861.0,235444,0,
43,Femenino,Norte,Web,8,4,,168584,0,4.53
27,Femenino,Sur,Web,7,4,31007.0,124028,0,4.57
30,Masculino,Sur,App,16,5,28823.0,144115,0,5.0
50,Masculino,Norte,Web,9,2,15383.0,30766,0,5.0
33,Femenino,Centro,App,23,3,23816.0,71448,0,4.02
33,Femenino,Sur,App,20,3,36168.0,108504,0,4.7
26,Femenino,Sur,App,17,3,31728.0,95184,0,5.0
43,Femenino,Centro,Web,9,2,43930.0,87860,0,4.86
62,Masculino,Centro,Web,12,3,36957.0,110871,0,4.82
25,Masculino,Norte,App,12,2,25037.0,50074,1,4.22
38,Masculino,Sur,App,14,6,39796.0,238776,1,3.96
54,Femenino,Norte,App,20,4,68163.0,272652,0,4.98
37,Femenino,Sur,Web,9,2,31741.0,63482,0,4.62
43,Masculino,Centro,Web,11,1,38116.0,38116,0,4.78
25,Masculino,Centro,App,13,4,43913.0,175652,1,3.95
43,Masculino,Centro,App,19,4,29590.0,118360,0,4.97
35,Masculino,Norte,App,14,2,50523.0,101046,2,2.95
49,Masculino,Norte,App,22,6,18401.0,110406,0,4.61
52,Masculino,Norte,Web,7,3,32907.0,98721,0,4.18
69,Femenino,Norte,App,19,0,36615.0,0,0,4.73
44,Femenino,Sur,App,21,3,38413.0,115239,0,5.0
41,Femenino,Centro,Web,10,1,12492.0,12492,0,4.84
40,Femenino,Norte,App,15,2,52232.0,104464,0,4.4
33,Masculino,Sur,Web,11,3,39920.0,119760,0,4.09
42,Femenino,Sur,Web,8,2,49773.0,99546,1,3.87
34,Masculino,Sur,App,18,3,54456.0,163368,0,4.95
40,Masculino,Sur,Web,12,3,27113.0,81339,0,4.56
53,Femenino,Norte,Web,6,2,8017.0,16034,0,4.33
25,Femenino,Centro,Web,5,5,47506.0,237530,0,4.45
51,Masculino,Sur,Web,10,1,,34213,0,4.85
53,Femenino,Centro,Web,10,3,24351.0,73053,0,
36,Femenino,Norte,Web,7,3,42315.0,126945,0,4.6
18,Femenino,Sur,App,23,3,62262.0,186786,0,4.91
30,Femenino,Norte,Web,13,4,33193.0,132772,0,4.93
53,Masculino,Norte,Web,11,4,49363.0,197452,0,4.41
37,Masculino,Centro,Web,8,1,23699.0,23699,1,4.26
26,Masculino,Centro,App,15,4,13658.0,54632,0,4.72
31,Masculino,Centro,Web,10,2,45617.0,91234,0,4.29
48,Masculino,Norte,App,17,1,43752.0,43752,0,5.0
44,Femenino,Sur,App,11,3,31011.0,93033,1,3.88
35,Masculino,Centro,App,13,4,55724.0,222896,0,4.09
33,Masculino,Norte,Web,7,0,13776.0,0,0,4.45
33,Masculino,Sur,App,17,4,20189.0,80756,0,4.38
26,Masculino,Sur,Web,16,3,27385.0,82155,0,4.43
57,Femenino,Sur,App,17,4,34273.0,137092,1,3.85
34,Femenino,Sur,App,20,0,52684.0,0,0,4.59
52,Femenino,Centro,Web,12,2,38390.0,76780,1,3.87
56,Femenino,Centro,Web,14,6,36084.0,216504,0,
49,Masculino,Norte,Web,7,4,22109.0,88436,0,4.92
32,Masculino,Centro,App,13,4,47839.0,191356,1,3.64
42,Femenino,Centro,Web,10,2,22660.0,45320,0,5.0
37,Masculino,Centro,Web,7,1,20254.0,20254,0,4.32
27,Femenino,Centro,Web,13,2,29246.0,58492,0,4.82
41,Femenino,Centro,App,17,3,38108.0,114324,0,5.0
23,Femenino,Norte,App,26,2,24808.0,49616,0,4.56
52,Femenino,Norte,App,17,4,46284.0,185136,2,3.22
32,Masculino,Centro,App,20,3,31404.0,94212,2,2.77
40,Femenino,Norte,Web,11,3,48633.0,145899,0,4.55
41,Masculino,Sur,Web,10,1,42211.0,42211,0,5.0
34,Masculino,Centro,App,17,3,56597.0,169791,0,4.89
45,Femenino,Centro,Web,12,4,31443.0,125772,0,4.85
32,Otro,Centro,Web,9,3,44927.0,134781,0,4.08
48,Otro,Sur,Web,7,2,15758.0,31516,0,4.53
21,Femenino,Centro,Web,15,2,67849.0,135698,0,5.0
39,Masculino,Centro,Web,14,4,45377.0,181508,0,4.82
61,Femenino,Centro,App,28,1,35594.0,35594,0,4.97
25,Femenino,Centro,Web,8,4,30640.0,122560,0,4.68
29,Femenino,Sur,Web,10,1,31385.0,31385,1,3.66
44,Masculino,Sur,Web,7,2,,117360,0,4.82
40,Masculino,Centro,App,15,1,,46782,0,4.24
42,Femenino,Sur,Web,6,1,30980.0,30980,0,4.23
43,Femenino,Sur,App,27,2,21584.0,43168,0,4.49
45,Masculino,Centro,App,16,4,51103.0,204412,0,4.78
51,Femenino,Sur,Web,11,3,47712.0,143136,0,4.28
42,Femenino,Centro,App,12,4,44776.0,179104,1,3.95
35,Masculino,Centro,App,16,2,34245.0,68490,0,4.38
46,Otro,Centro,App,21,3,,99912,0,4.47
60,Femenino,Sur,App,27,5,59222.0,296110,0,5.0
36,Masculino,Norte,Web,14,5,56739.0,283695,1,3.89
26,Masculino,Sur,Web,12,3,41581.0,124743,1,3.56
51,Femenino,Sur,Web,12,4,,197152,1,4.01
36,Masculino,Norte,Web,14,4,38233.0,152932,0,4.24
18,Femenino,Sur,App,18,3,16260.0,48780,2,3.1
48,Masculino,Norte,Web,9,2,25443.0,50886,0,5.0
31,Masculino,Centro,App,23,3,48404.0,145212,0,4.85
36,Masculino,Centro,App,14,3,50684.0,152052,1,4.53
41,Femenino,Norte,App,18,5,48799.0,243995,1,3.32
40,Masculino,Sur,App,17,3,40152.0,120456,0,4.74
46,Femenino,Sur,Web,12,2,49995.0,99990,0,4.33
32,Femenino,Centro,Web,9,4,34102.0,136408,0,4.61
44,Femenino,Norte,Web,12,4,44056.0,176224,0,4.72
34,Masculino,Centro,Web,9,1,32643.0,32643,0,5.0
46,Masculino,Centro,Web,12,5,24218.0,121090,1,3.91
45,Femenino,Sur,Web,8,2,47124.0,94248,0,4.7
26,Masculino,Centro,App,27,1,49201.0,49201,1,4.13
51,Femenino,Centro,Web,13,2,67337.0,134674,1,3.94
31,Masculino,Centro,Web,6,5,37818.0,189090,0,5.0
47,Femenino,Centro,App,16,4,24476.0,97904,1,4.14
42,Masculino,Sur,Web,8,5,32358.0,161790,0,4.96
60,Femenino,Norte,Web,9,4,37369.0,149476,0,4.24
35,Masculino,Sur,App,18,1,37031.0,37031,0,5.0
33,Femenino,Centro,App,15,2,40600.0,81200,0,4.47
37,Femenino,Sur,App,20,1,39905.0,39905,1,3.88
34,Femenino,Centro,Web,9,4,44424.0,177696,2,2.87
47,Masculino,Centro,App,22,2,39419.0,78838,0,4.43
18,Masculino,Sur,App,22,2,5996.0,11992,1,3.43
25,Femenino,Norte,Web,9,3,36475.0,109425,0,4.66
25,Masculino,Sur,App,15,4,34790.0,139160,1,3.23
49,Masculino,Centro,App,18,2,43953.0,87906,0,4.67
58,Masculino,Norte,Web,9,3,34362.0,103086,0,5.0
36,Masculino,Centro,Web,8,4,38082.0,152328,0,4.87
35,Femenino,Centro,App,14,2,41924.0,83848,0,4.8
38,Femenino,Norte,App,14,3,33779.0,101337,0,4.42
51,Masculino,Centro,Web,12,2,45760.0,91520,1,
26,Masculino,Centro,App,12,5,34741.0,173705,0,4.94
40,Masculino,Centro,Web,9,7,37879.0,265153,1,3.77
49,Femenino,Norte,Web,10,4,5000.0,20000,0,4.72
44,Femenino,Sur,Web,9,2,22873.0,45746,0,
40,Masculino,Sur,App,21,0,22306.0,0,0,4.9
50,Masculino,Sur,App,14,3,40095.0,120285,1,4.5
18,Masculino,Centro,Web,7,3,47959.0,143877,0,5.0
46,Masculino,Norte,Web,9,2,35479.0,70958,0,4.03
30,Masculino,Sur,Web,8,1,44679.0,44679,0,4.56
18,Femenino,Norte,App,20,7,40479.0,283353,0,4.19
44,Femenino,Norte,App,21,4,38278.0,153112,2,3.4
54,Masculino,Centro,App,23,7,44987.0,314909,0,4.77
36,Masculino,Centro,App,21,4,38351.0,153404,0,4.86
49,Femenino,Sur,App,14,2,35642.0,71284,0,4.63
57,Femenino,Centro,Web,8,2,43242.0,86484,1,3.67
53,Masculino,Centro,Web,7,4,55309.0,221236,1,3.7
57,Femenino,Centro,Web,4,2,44222.0,88444,0,4.33
46,Femenino,Sur,App,19,5,39515.0,197575,0,4.35
38,Masculino,Centro,App,17,4,25170.0,100680,0,4.25
18,Masculino,Centro,Web,10,0,49690.0,0,0,4.28
35,Masculino,Norte,App,9,0,18365.0,0,0,4.35
27,Femenino,Sur,Web,8,4,13577.0,54308,2,3.15
64,Masculino,Centro,Web,6,2,44057.0,88114,0,4.93
35,Femenino,Norte,App,12,2,24680.0,49360,0,4.79
39,Femenino,Norte,App,25,5,48919.0,244595,1,4.25
44,Masculino,Centro,App,23,3,16395.0,49185,0,4.7
38,Masculino,Centro,Web,15,4,47241.0,188964,0,4.46
58,Masculino,Centro,Web,8,0,48551.0,0,0,5.0
30,Masculino,Sur,App,16,2,35916.0,71832,0,4.92
40,Masculino,Norte,Web,10,3,10805.0,32415,1,3.95
29,Femenino,Centro,Web,12,3,13670.0,41010,0,4.67
22,Femenino,Sur,App,15,2,36179.0,72358,0,4.7
30,Femenino,Centro,Web,11,3,31706.0,95118,0,4.59
37,Femenino,Centro,App,19,2,44277.0,88554,1,3.92
32,Otro,Centro,App,16,2,33981.0,67962,0,4.81
29,Femenino,Centro,Web,8,4,32487.0,129948,0,4.43
21,Masculino,Sur,Web,6,4,5000.0,20000,1,3.31
37,Masculino,Centro,App,27,1,45419.0,45419,0,4.06
19,Masculino,Sur,App,22,4,25060.0,100240,0,4.86
47,Masculino,Norte,App,22,1,32271.0,32271,0,4.26
38,Masculino,Norte,App,20,5,,114310,0,4.83
20,Masculino,Norte,App,20,1,14515.0,14515,0,4.25
34,Femenino,Centro,App,10,4,52765.0,211060,0,4.33
28,Masculino,Centro,Web,8,3,43745.0,131235,0,4.42
41,Femenino,Sur,Web,9,2,45893.0,91786,0,4.76
54,Femenino,Centro,Web,11,2,35501.0,71002,0,4.38
18,Masculino,Sur,Web,9,1,11844.0,11844,0,4.4
39,Femenino,Norte,Web,7,2,61074.0,122148,0,4.69
36,Masculino,Sur,Web,8,1,40467.0,40467,1,3.52
46,Masculino,Sur,App,19,3,38541.0,115623,0,5.0
40,Masculino,Sur,Web,9,1,31690.0,31690,1,3.38
28,Femenino,Sur,Web,7,1,9665.0,9665,0,4.57
34,Femenino,Sur,Web,13,2,48798.0,97596,0,5.0
28,Masculino,Centro,Web,8,5,21507.0,107535,0,4.24
50,Femenino,Norte,Web,8,6,44058.0,264348,1,3.92
38,Otro,Norte,Web,11,2,44950.0,89900,1,3.93
60,Otro,Sur,Web,9,3,43009.0,129027,0,4.56
37,Masculino,Centro,App,13,5,41189.0,205945,1,3.86
29,Femenino,Sur,App,12,5,50503.0,252515,0,4.81
19,Femenino,Centro,App,26,0,23341.0,0,0,4.45
18,Masculino,Norte,App,30,3,34674.0,104022,2,3.22
18,Femenino,Norte,Web,12,3,29998.0,89994,1,3.91
41,Femenino,Centro,App,24,1,14075.0,14075,1,3.73
44,Masculino,Centro,App,18,1,40035.0,40035,0,5.0
19,Masculino,Norte,Web,8,0,47865.0,0,0,4.37
48,Masculino,Centro,App,21,3,53716.0,161148,0,5.0
32,Masculino,Norte,Web,17,2,57089.0,114178,0,4.44
39,Femenino,Centro,App,19,1,14565.0,14565,1,3.8
57,Masculino,Centro,App,8,6,58093.0,348558,0,4.74
48,Otro,Sur,Web,10,0,39418.0,0,0,4.84
34,Femenino,Centro,App,17,1,54306.0,54306,0,3.95
27,Masculino,Centro,App,29,3,29312.0,87936,0,4.77
18,Masculino,Norte,App,18,2,26330.0,52660,0,4.56
29,Masculino,Norte,Web,15,2,19766.0,39532,0,4.73
35,Masculino,Centro,App,21,6,44561.0,267366,1,4.03
26,Masculino,Centro,Web,8,3,40073.0,120219,0,4.75
36,Femenino,Centro,Web,14,1,21995.0,21995,1,3.28
38,Femenino,Centro,Web,11,3,9730.0,29190,0,4.37
35,Masculino,Centro,App,17,4,40232.0,160928,0,4.77
30,Masculino,Sur,App,17,0,40850.0,0,0,4.71
40,Masculino,Sur,App,17,2,24156.0,48312,1,
43,Masculino,Norte,App,16,1,22196.0,22196,0,
24,Masculino,Centro,Web,7,3,41470.0,124410,0,4.54
54,Masculino,Norte,Web,10,5,60376.0,301880,0,5.0
36,Masculino,Norte,Web,8,4,29460.0,117840,0,5.0
38,Masculino,Sur,Web,10,2,25144.0,50288,1,3.97
46,Masculino,Norte,Web,17,3,40486.0,121458,1,4.1
40,Masculino,Centro,Web,10,3,43623.0,130869,0,4.52
49,Masculino,Centro,Web,10,5,32978.0,164890,0,5.0
41,Femenino,Centro,Web,7,1,60451.0,60451,1,3.97
30,Femenino,Centro,Web,6,4,,181280,0,4.56
42,Femenino,Norte,Web,10,0,31724.0,0,0,4.34
24,Masculino,Centro,App,21,2,14490.0,28980,0,4.47
39,Femenino,Centro,App,21,2,51683.0,103366,0,
37,Femenino,Norte,App,16,1,49853.0,49853,0,4.91
35,Masculino,Centro,Web,5,4,31616.0,126464,1,
36,Femenino,Norte,Web,13,5,39606.0,198030,0,4.95
18,Masculino,Norte,App,17,2,30894.0,61788,0,5.0
31,Femenino,Centro,Web,14,4,40897.0,163588,1,3.72
39,Femenino,Norte,Web,14,4,23550.0,94200,0,4.87
39,Masculino,Centro,Web,7,2,21839.0,43678,0,4.34
25,Femenino,Centro,Web,10,2,43480.0,86960,0,4.57
53,Femenino,Sur,Web,7,3,49201.0,147603,0,4.32
27,Masculino,Norte,Web,12,3,28160.0,84480,1,4.01
49,Masculino,Norte,App,26,3,28360.0,85080,1,3.84
43,Femenino,Norte,Web,7,4,50220.0,200880,0,4.1
30,Masculino,Centro,Web,12,5,25916.0,129580,0,4.44
59,Femenino,Centro,App,15,4,39514.0,158056,0,5.0
23,Femenino,Norte,Web,11,4,32593.0,130372,1,3.94
49,Masculino,Sur,Web,6,2,19747.0,39494,0,4.98
50,Masculino,Norte,App,21,2,39805.0,79610,0,4.79
29,Masculino,Centro,Web,7,5,35482.0,177410,0,4.59
54,Masculino,Centro,Web,11,2,42422.0,84844,0,4.77
34,Otro,Sur,Web,10,1,36998.0,36998,0,4.74
41,Masculino,Centro,Web,8,2,61778.0,123556,0,4.38
41,Femenino,Sur,Web,7,4,50090.0,200360,1,4.13
36,Masculino,Centro,App,13,2,35865.0,71730,0,5.0
47,Femenino,Sur,Web,9,4,38612.0,154448,1,3.88
47,Femenino,Norte,Web,9,1,58213.0,58213,0,4.58
18,Femenino,Sur,Web,10,3,43057.0,129171,0,4.37
53,Femenino,Centro,Web,10,5,23201.0,116005,1,4.49
18,Otro,Sur,App,21,4,44087.0,176348,0,4.45
50,Masculino,Centro,Web,10,1,52413.0,52413,1,4.15
51,Masculino,Centro,Web,15,2,57062.0,114124,1,3.9
24,Femenino,Centro,Web,10,2,28782.0,57564,0,4.55
33,Femenino,Centro,Web,10,7,29256.0,204792,0,
24,Femenino,Norte,Web,11,2,22298.0,44596,0,4.33
35,Femenino,Norte,App,18,3,38947.0,116841,0,4.9
34,Masculino,Norte,Web,4,3,43894.0,131682,0,4.37
47,Masculino,Norte,Web,14,6,30890.0,185340,1,4.07
53,Masculino,Sur,Web,7,2,36248.0,72496,0,4.79
54,Femenino,Norte,App,22,2,13455.0,26910,0,5.0
31,Masculino,Sur,Web,11,2,52763.0,105526,0,4.47
35,Masculino,Centro,App,7,1,16470.0,16470,2,3.4
18,Masculino,Norte,App,23,3,37197.0,111591,0,4.55
28,Masculino,Sur,App,23,5,37059.0,185295,0,5.0
49,Femenino,Centro,Web,9,4,,151596,0,4.26
57,Femenino,Centro,Web,9,4,39375.0,945000,1,4.71
23,Femenino,Centro,App,19,3,21308.0,63924,2,2.98
30,Masculino,Centro,App,16,2,30563.0,61126,0,4.72
37,Femenino,Norte,App,16,4,47177.0,188708,1,3.7
41,Femenino,Sur,Web,11,3,51331.0,153993,0,4.23
28,Femenino,Sur,Web,8,3,29149.0,87447,1,3.68
43,Femenino,Centro,Web,10,1,17724.0,17724,0,4.61
32,Masculino,Norte,App,21,4,25455.0,101820,0,4.71
37,Masculino,Centro,Web,15,3,57782.0,173346,0,5.0
44,Femenino,Norte,Web,10,1,27970.0,27970,0,4.78
38,Femenino,Norte,App,16,1,34533.0,34533,1,3.95
32,Masculino,Centro,Web,11,1,51790.0,51790,0,4.78
36,Femenino,Centro,App,11,2,29077.0,58154,2,2.55
36,Femenino,Sur,Web,18,3,33413.0,100239,0,4.18
33,Femenino,Centro,Web,11,3,44483.0,133449,0,4.22
34,Femenino,Centro,Web,11,3,55641.0,166923,0,4.56
57,Masculino,Centro,App,19,1,30803.0,30803,0,4.22
44,Masculino,Centro,Web,9,3,53305.0,159915,1,3.71
34,Femenino,Centro,Web,11,2,31721.0,63442,0,4.26
46,Femenino,Sur,App,15,1,26268.0,26268,0,4.88
33,Masculino,Norte,Web,12,1,37944.0,37944,0,4.8
52,Masculino,Sur,Web,7,1,23909.0,23909,0,4.67
42,Masculino,Centro,Web,10,4,41964.0,167856,2,2.54
36,Masculino,Centro,Web,11,3,73195.0,219585,0,4.61
43,Femenino,Centro,App,16,2,49717.0,99434,1,4.01
19,Femenino,Centro,Web,7,2,,63182,0,4.84
24,Masculino,Sur,Web,7,3,46226.0,138678,0,
23,Femenino,Sur,Web,9,2,22271.0,44542,1,4.15
39,Masculino,Centro,App,17,4,,106740,0,4.74
58,Masculino,Centro,Web,14,2,37774.0,75548,0,4.7
64,Masculino,Centro,Web,9,3,40653.0,121959,0,4.6
45,Femenino,Sur,Web,12,5,21230.0,106150,0,5.0
44,Masculino,Norte,Web,16,5,32922.0,164610,1,3.97
18,Femenino,Centro,Web,8,2,30964.0,61928,0,4.78
31,Masculino,Centro,Web,7,1,53153.0,53153,1,3.68
28,Masculino,Centro,App,21,1,18679.0,18679,0,4.27
30,Femenino,Norte,Web,9,4,17867.0,71468,0,4.53
35,Otro,Centro,App,20,1,37358.0,37358,0,4.58
32,Masculino,Sur,App,22,4,48610.0,194440,0,4.72
18,Femenino,Norte,Web,14,1,39319.0,39319,2,2.77
46,Femenino,Norte,Web,17,5,40532.0,202660,0,4.74
25,Femenino,Sur,Web,8,1,30286.0,30286,0,4.98
40,Femenino,Norte,App,17,1,44113.0,44113,1,
62,Femenino,Sur,Web,9,2,49222.0,98444,1,3.37
26,Masculino,Centro,Web,7,4,30812.0,123248,0,5.0
18,Femenino,Norte,Web,8,0,21316.0,0,1,3.35
34,Femenino,Sur,App,13,4,23794.0,95176,0,4.56
51,Masculino,Centro,App,17,0,48194.0,0,0,4.94
61,Femenino,Centro,Web,6,1,20618.0,20618,0,4.79
23,Masculino,Centro,App,20,3,,160722,0,4.59
43,Femenino,Centro,Web,12,1,30976.0,30976,0,4.74
32,Femenino,Norte,Web,10,4,38514.0,154056,0,5.0
36,Masculino,Centro,App,20,3,43820.0,131460,0,5.0
69,Masculino,Sur,Web,12,2,32145.0,64290,1,3.84
19,Masculino,Centro,Web,10,4,27331.0,109324,2,3.31
41,Masculino,Centro,Web,12,7,37733.0,264131,1,4.06
43,Masculino,Centro,App,23,4,26205.0,104820,0,4.71
51,Femenino,Sur,App,10,4,24838.0,99352,0,4.48
39,Femenino,Norte,App,17,3,24116.0,72348,0,4.83
41,Masculino,Sur,App,14,3,50659.0,151977,0,4.61
33,Masculino,Centro,Web,10,2,39725.0,79450,0,
41,Otro,Norte,Web,8,2,26631.0,53262,0,4.47
33,Femenino,Norte,Web,14,3,45423.0,136269,0,4.96
45,Femenino,Norte,Web,7,3,27896.0,83688,0,4.49
33,Masculino,Centro,Web,8,2,11545.0,23090,0,4.44
42,Femenino,Centro,App,18,3,44661.0,133983,0,4.94
37,Masculino,Sur,Web,6,3,55304.0,165912,0,4.64
51,Masculino,Centro,Web,16,3,44346.0,133038,0,4.72
37,Femenino,Norte,Web,10,4,12901.0,51604,0,4.99
18,Masculino,Centro,Web,5,3,32417.0,97251,0,
53,Masculino,Centro,App,15,8,34655.0,277240,0,4.13
27,Femenino,Norte,Web,2,3,38588.0,115764,0,4.6
30,Masculino,Norte,Web,13,2,24332.0,48664,1,3.43
30,Masculino,Norte,App,18,4,30498.0,121992,1,3.73
54,Masculino,Centro,Web,9,0,21059.0,0,0,4.77
18,Femenino,Centro,Web,13,4,35361.0,141444,0,4.48
75,Masculino,Centro,Web,9,2,24655.0,49310,1,3.77
50,Femenino,Sur,Web,10,1,42749.0,42749,0,4.43
40,Femenino,Sur,App,16,2,26993.0,53986,0,4.92
37,Masculino,Centro,App,18,1,5000.0,5000,0,5.0
41,Femenino,Sur,Web,6,1,45675.0,45675,0,4.09
44,Femenino,Norte,App,15,4,42528.0,170112,1,3.82
45,Masculino,Norte,Web,5,3,52985.0,158955,1,4.14
44,Masculino,Centro,Web,9,2,11518.0,23036,0,4.71
39,Masculino,Norte,Web,7,3,27995.0,83985,0,4.36
35,Masculino,Centro,Web,5,3,36829.0,110487,0,4.53
36,Femenino,Sur,Web,8,3,42260.0,126780,0,4.77
35,Femenino,Norte,App,25,5,17695.0,88475,2,2.98
51,Femenino,Norte,App,11,4,42827.0,171308,0,4.74
45,Masculino,Centro,Web,18,1,29888.0,29888,0,4.72
18,Masculino,Sur,Web,9,2,10439.0,20878,1,3.63
45,Masculino,Centro,Web,8,3,27741.0,83223,1,4.17
40,Masculino,Centro,Web,10,3,42172.0,126516,1,3.76
37,Femenino,Norte,Web,14,5,13790.0,68950,0,4.38
33,Masculino,Norte,Web,11,2,42594.0,85188,0,5.0
51,Femenino,Sur,App,18,3,41050.0,123150,0,4.73
49,Masculino,Sur,Web,11,4,34303.0,137212,0,3.96
28,Femenino,Norte,Web,13,2,14577.0,29154,2,3.42
42,Masculino,Sur,Web,9,2,17640.0,35280,0,5.0
26,Femenino,Centro,Web,9,1,29118.0,29118,1,3.97
21,Femenino,Sur,Web,10,3,19650.0,58950,0,4.79
30,Femenino,Centro,App,19,4,30494.0,121976,1,4.5
48,Masculino,Centro,Web,13,6,48074.0,288444,0,4.45
49,Masculino,Centro,App,14,2,34073.0,68146,2,3.18
44,Femenino,Centro,Web,7,5,32994.0,164970,0,5.0
46,Femenino,Norte,Web,11,4,33304.0,133216,0,5.0
44,Masculino,Norte,Web,6,7,48760.0,341320,1,3.81
30,Femenino,Centro,App,24,4,50020.0,200080,0,5.0
43,Masculino,Centro,Web,12,3,41513.0,124539,0,4.96
47,Masculino,Norte,App,11,2,38689.0,77378,2,3.58
47,Femenino,Centro,Web,9,5,39804.0,199020,0,4.97
52,Femenino,Sur,App,28,6,54935.0,329610,0,4.85
46,Otro,Norte,Web,8,2,42615.0,85230,0,5.0
42,Femenino,Centro,App,20,2,54569.0,109138,1,3.75
50,Femenino,Centro,Web,12,2,32470.0,64940,0,5.0
37,Masculino,Sur,App,16,1,19523.0,19523,0,5.0
27,Masculino,Norte,Web,10,4,26021.0,104084,0,5.0
36,Otro,Centro,Web,7,5,28646.0,143230,0,4.66
29,Masculino,Sur,Web,9,5,53604.0,268020,0,4.72
29,Femenino,Sur,App,20,5,43186.0,215930,0,4.26
36,Femenino,Centro,Web,11,3,27750.0,83250,0,4.54
28,Masculino,Centro,App,20,5,43900.0,219500,0,4.83
34,Masculino,Centro,Web,11,3,33545.0,100635,0,4.24
18,Femenino,Sur,Web,7,0,52314.0,0,0,4.5
40,Masculino,Centro,Web,10,2,31995.0,63990,0,5.0
38,Femenino,Norte,App,10,2,17233.0,34466,0,
28,Masculino,Sur,App,16,3,31958.0,95874,0,4.95
45,Femenino,Centro,App,18,3,32752.0,98256,0,4.89
49,Femenino,Centro,Web,8,4,21231.0,84924,0,4.65
18,Femenino,Norte,App,14,4,39730.0,158920,0,
28,Femenino,Centro,App,21,3,51296.0,153888,0,4.69
28,Femenino,Centro,Web,9,2,,41460,0,4.02
26,Masculino,Centro,App,22,2,45572.0,91144,0,4.91
47,Masculino,Norte,App,10,4,29770.0,119080,0,4.7
35,Masculino,Centro,App,15,3,34953.0,104859,1,4.17
34,Otro,Sur,App,23,0,33542.0,0,0,4.79
18,Femenino,Norte,Web,12,4,32403.0,129612,0,4.54
45,Femenino,Sur,Web,4,3,42426.0,127278,0,4.78
23,Masculino,Centro,App,16,2,21159.0,42318,0,4.68
38,Femenino,Sur,Web,13,1,51219.0,51219,0,5.0
41,Otro,Sur,App,22,3,42192.0,126576,0,4.72
54,Femenino,Centro,App,17,3,48126.0,144378,1,4.06
22,Otro,Centro,App,14,2,23939.0,47878,0,4.23
18,Femenino,Sur,App,19,1,19322.0,19322,0,4.58
40,Masculino,Centro,Web,11,3,50192.0,150576,0,
59,Masculino,Centro,Web,10,5,24957.0,124785,0,4.92
52,Otro,Centro,Web,11,4,39591.0,158364,0,4.44
40,Femenino,Sur,Web,10,3,48227.0,144681,0,4.41
32,Masculino,Sur,Web,7,4,33278.0,133112,0,4.44
47,Otro,Sur,Web,8,6,51090.0,306540,0,5.0
-5,Masculino,Centro,App,18,4,30641.0,122564,1,4.09
43,Masculino,Sur,App,15,2,21120.0,42240,0,3.68
44,Masculino,Norte,Web,14,2,41090.0,82180,1,3.9
50,Femenino,Centro,Web,14,2,39879.0,79758,0,4.79
71,Masculino,Norte,App,20,2,72905.0,145810,0,4.57
42,Masculino,Centro,Web,10,2,24958.0,49916,1,3.79
31,Masculino,Centro,Web,11,2,31627.0,63254,0,5.0
37,Femenino,Centro,Web,9,2,26779.0,53558,1,4.01
18,Femenino,Centro,Web,10,1,30990.0,30990,1,3.64
29,Masculino,Centro,Web,6,2,32156.0,64312,0,4.59
33,Masculino,Centro,App,13,1,24482.0,24482,0,4.6
31,Femenino,Norte,Web,10,4,40268.0,161072,0,4.74
39,Masculino,Centro,Web,5,1,33280.0,33280,1,3.47
28,Femenino,Norte,Web,11,4,50345.0,201380,1,3.64
51,Femenino,Norte,Web,5,2,29867.0,59734,0,5.0
38,Femenino,Centro,App,15,1,58036.0,58036,0,4.67
37,Femenino,Centro,App,15,4,38860.0,155440,0,4.43
34,Masculino,Centro,App,27,4,50356.0,201424,0,4.43
39,Femenino,Centro,Web,8,4,37235.0,148940,0,4.91
47,Otro,Centro,App,15,2,27682.0,55364,0,4.58
27,Otro,Sur,App,26,2,30887.0,61774,0,4.79
30,Masculino,Centro,App,21,2,17858.0,35716,0,4.46
34,Masculino,Centro,Web,21,2,33761.0,67522,1,3.53
21,Femenino,Norte,Web,13,2,35215.0,70430,1,3.88
28,Masculino,Centro,Web,11,5,34748.0,173740,1,3.81
32,Masculino,Centro,App,25,1,50761.0,304566,1,4.07
48,Femenino,Centro,Web,13,1,,35410,0,5.0
41,Masculino,Centro,Web,10,5,13422.0,67110,0,4.6
40,Masculino,Centro,App,17,3,78528.0,235584,0,4.8
48,Masculino,Centro,App,26,2,28912.0,57824,1,3.82
36,Masculino,Sur,App,15,4,47024.0,188096,1,4.07
42,Masculino,Sur,Web,9,2,18249.0,218988,0,4.78
36,Femenino,Centro,App,16,3,38342.0,115026,1,3.69
41,Masculino,Sur,Web,12,3,,79845,0,4.49
31,Masculino,Norte,Web,8,4,,120000,0,4.74
18,Femenino,Norte,Web,6,4,29306.0,117224,0,4.94
36,Femenino,Norte,Web,9,2,34799.0,417588,0,4.95
55,Femenino,Centro,Web,13,2,35623.0,71246,0,4.49
49,Masculino,Sur,App,17,1,40267.0,40267,0,4.49
49,Otro,Norte,Web,14,6,34115.0,204690,0,4.54
52,Femenino,Sur,App,19,4,38629.0,154516,0,4.58
39,Masculino,Norte,Web,13,3,37891.0,113673,0,4.15
40,Femenino,Sur,Web,9,2,35577.0,71154,0,4.94
30,Otro,Centro,Web,10,2,32450.0,64900,0,4.51
34,Masculino,Norte,Web,13,2,24376.0,48752,0,4.81
45,Masculino,Centro,Web,7,5,43883.0,219415,0,4.63
52,Femenino,Centro,Web,7,1,34404.0,34404,1,3.95
36,Femenino,Centro,Web,11,3,31034.0,93102,0,4.47
32,Femenino,Centro,Web,11,1,40947.0,40947,0,4.65
38,Femenino,Sur,Web,8,1,38243.0,38243,1,3.63
45,Masculino,Centro,App,19,7,28371.0,198597,1,3.92
-5,Masculino,Centro,Web,11,6,48007.0,288042,1,4.24
18,Otro,Centro,App,21,1,18429.0,18429,0,4.75
31,Otro,Centro,App,14,5,22272.0,111360,0,4.74
23,Masculino,Centro,App,12,3,41470.0,124410,0,4.22
31,Masculino,Centro,App,20,2,55663.0,111326,0,4.83
36,Masculino,Norte,Web,18,3,28471.0,85413,1,4.08
32,Masculino,Norte,App,13,3,39753.0,119259,0,4.74
55,Femenino,Centro,App,22,4,23941.0,95764,0,4.84
41,Femenino,Norte,Web,11,6,25002.0,150012,0,4.66
41,Femenino,Centro,Web,14,3,49736.0,149208,0,4.9
45,Masculino,Centro,Web,11,3,41139.0,123417,0,5.0
24,Masculino,Norte,App,28,5,47558.0,237790,1,3.92
50,Femenino,Centro,App,19,0,50535.0,0,1,3.66
37,Masculino,Centro,Web,12,5,10475.0,52375,1,3.62
46,Masculino,Sur,Web,7,2,22548.0,45096,0,4.95
25,Femenino,Centro,Web,15,1,37043.0,37043,0,4.34
19,Femenino,Sur,Web,6,4,12484.0,49936,0,4.66
47,Masculino,Centro,App,18,4,24398.0,97592,0,4.63
42,Masculino,Norte,Web,6,5,53423.0,267115,1,3.59
27,Masculino,Centro,Web,7,2,27551.0,55102,0,4.88
27,Masculino,Sur,Web,12,2,42573.0,85146,1,4.05
51,Masculino,Centro,App,21,4,37311.0,149244,0,
23,Masculino,Sur,Web,9,4,25290.0,101160,0,4.76
57,Masculino,Sur,App,15,3,18579.0,55737,0,4.89
27,Masculino,Norte,Web,11,1,36849.0,36849,0,4.89
45,Femenino,Norte,Web,15,1,54205.0,54205,0,4.78
34,Femenino,Centro,Web,15,1,27281.0,27281,0,5.0
45,Femenino,Centro,Web,12,1,37573.0,37573,0,4.69
31,Masculino,Sur,Web,7,4,16412.0,65648,1,3.77
36,Masculino,Sur,App,11,3,27333.0,81999,0,4.39
38,Masculino,Centro,App,12,4,39790.0,159160,1,3.61
25,Femenino,Norte,App,22,3,42674.0,128022,0,4.32
46,Femenino,Sur,Web,6,3,43571.0,130713,0,4.8
31,Femenino,Centro,App,14,3,10271.0,30813,1,3.77
35,Femenino,Sur,Web,13,0,29766.0,0,2,3.17
26,Masculino,Centro,Web,11,6,,133752,0,4.27
18,Femenino,Centro,Web,12,4,28991.0,115964,0,4.33
35,Femenino,Norte,Web,11,1,33915.0,203490,0,4.41
66,Masculino,Centro,App,24,6,52696.0,316176,0,5.0
47,Femenino,Centro,Web,6,1,40592.0,40592,0,4.69
37,Masculino,Centro,Web,15,3,52563.0,157689,1,3.87
34,Masculino,Norte,App,20,6,26705.0,160230,0,
38,Femenino,Centro,Web,9,3,18695.0,336510,0,5.0
44,Masculino,Sur,Web,16,1,54062.0,54062,0,4.24
23,Masculino,Norte,Web,14,4,38651.0,154604,0,4.6
51,Masculino,Norte,App,15,1,,28730,0,4.27
46,Femenino,Norte,App,15,4,42153.0,168612,0,4.02
46,Masculino,Centro,Web,11,5,46923.0,234615,1,3.71
43,Masculino,Centro,Web,7,1,37880.0,37880,0,4.84
38,Femenino,Centro,Web,11,2,26951.0,53902,0,4.45
46,Femenino,Norte,App,23,5,31604.0,158020,1,4.05
45,Otro,Centro,Web,11,9,40237.0,362133,0,4.76
33,Masculino,Centro,Web,11,5,37336.0,186680,0,4.62
31,Femenino,Centro,Web,8,4,49197.0,196788,0,5.0
39,Masculino,Sur,Web,8,4,32539.0,130156,0,4.52
56,Femenino,Norte,Web,10,4,26834.0,107336,0,4.89
23,Femenino,Centro,App,29,3,64374.0,193122,0,4.07
20,Femenino,Centro,Web,8,2,35093.0,70186,1,3.83
39,Femenino,Centro,Web,8,2,45861.0,91722,1,3.82
38,Femenino,Centro,App,16,7,41962.0,293734,0,4.34
40,Femenino,Centro,App,20,4,38238.0,152952,0,4.82
40,Masculino,Sur,Web,13,3,33267.0,99801,0,4.48
35,Femenino,Norte,Web,4,1,5000.0,5000,0,5.0
55,Femenino,Norte,Web,6,1,25491.0,25491,0,4.04
18,Masculino,Centro,App,26,2,36649.0,73298,0,4.66
28,Femenino,Centro,Web,14,2,5000.0,10000,0,4.65
36,Masculino,Centro,App,21,4,36259.0,145036,1,3.8
18,Femenino,Norte,App,13,3,40634.0,121902,0,4.43
35,Femenino,Norte,Web,11,4,45249.0,180996,1,3.9
57,Femenino,Sur,Web,9,6,45727.0,274362,1,4.3
38,Femenino,Norte,Web,13,2,47200.0,94400,0,4.19
40,Femenino,Centro,Web,13,5,55267.0,276335,1,3.66
22,Femenino,Norte,Web,14,1,46453.0,46453,1,3.49
30,Femenino,Centro,App,19,4,36861.0,147444,0,4.32
33,Femenino,Norte,App,17,2,33334.0,66668,0,4.77
34,Femenino,Centro,Web,5,5,,182375,0,4.85
53,Femenino,Norte,App,24,2,34644.0,69288,1,4.28
44,Femenino,Sur,Web,7,4,50010.0,200040,0,4.9
24,Masculino,Norte,Web,8,2,40465.0,80930,0,4.83
40,Masculino,Centro,Web,9,6,31427.0,188562,0,4.28
43,Femenino,Sur,App,13,2,52339.0,104678,0,5.0
51,Masculino,Centro,App,17,0,34147.0,0,0,4.69
56,Masculino,Centro,App,21,2,27050.0,54100,1,4.29
25,Femenino,Centro,Web,12,3,33621.0,100863,0,4.21
28,Masculino,Centro,Web,13,2,24310.0,48620,1,3.77
22,Masculino,Centro,Web,7,4,44534.0,178136,0,4.89
35,Femenino,Sur,Web,11,2,25104.0,50208,0,4.68
43,Femenino,Centro,App,17,2,35065.0,70130,0,4.49
49,Masculino,Centro,App,23,4,48626.0,194504,1,
37,Masculino,Centro,App,17,1,27003.0,27003,1,3.53
34,Femenino,Centro,Web,7,1,40033.0,40033,0,4.66
39,Femenino,Norte,Web,10,4,24169.0,96676,0,4.89
27,Femenino,Centro,Web,13,3,36982.0,110946,0,5.0
63,Masculino,Sur,Web,12,8,46256.0,370048,1,3.88
18,Masculino,Norte,Web,10,1,32194.0,32194,0,4.51
40,Femenino,Centro,App,17,4,36402.0,145608,0,4.57
62,Femenino,Norte,App,25,2,,89254,1,4.08
38,Masculino,Centro,Web,17,2,32333.0,64666,0,
35,Femenino,Norte,Web,11,3,45924.0,137772,1,
33,Femenino,Centro,Web,6,4,51403.0,205612,0,4.89
35,Masculino,Sur,Web,5,3,,72420,0,4.53
54,Masculino,Centro,App,17,4,59304.0,237216,0,5.0
18,Masculino,Centro,Web,7,5,29058.0,145290,0,4.62
56,Masculino,Sur,Web,9,5,62332.0,311660,0,5.0
20,Femenino,Sur,Web,12,2,29520.0,59040,0,4.84
34,Femenino,Norte,App,18,5,43588.0,217940,0,5.0
32,Masculino,Centro,Web,8,3,43224.0,129672,0,4.55
45,Femenino,Norte,Web,6,5,32102.0,160510,0,4.56
18,Femenino,Sur,Web,7,3,33571.0,100713,1,3.92
43,Femenino,Sur,App,22,6,53728.0,322368,0,5.0
62,Femenino,Centro,App,19,1,35433.0,35433,0,4.83
21,Femenino,Sur,Web,4,1,28139.0,28139,0,4.98
40,Femenino,Centro,App,17,4,22158.0,88632,0,4.91
30,Femenino,Centro,App,20,3,53310.0,159930,1,3.79
43,Femenino,Norte,App,14,7,30680.0,214760,1,4.08
38,Masculino,Sur,App,17,2,50099.0,100198,0,4.56
30,Masculino,Norte,App,30,0,,0,1,3.92
43,Masculino,Sur,Web,8,2,50473.0,100946,1,3.59
59,Masculino,Sur,App,20,3,48529.0,145587,1,
35,Masculino,Centro,Web,6,2,32508.0,65016,0,4.97
46,Femenino,Norte,App,22,3,28088.0,84264,0,4.96
22,Masculino,Centro,Web,8,3,25463.0,76389,0,4.8
26,Masculino,Centro,App,17,1,25910.0,25910,0,4.72
43,Masculino,Centro,App,17,4,49232.0,196928,0,4.76
55,Femenino,Norte,Web,10,4,40172.0,160688,0,4.39
42,Femenino,Sur,App,25,4,22918.0,91672,0,4.65
34,Femenino,Centro,Web,13,3,32074.0,96222,0,4.72
37,Femenino,Centro,App,9,2,33977.0,67954,0,4.35
22,Masculino,Centro,Web,10,2,7632.0,15264,0,4.08
45,Masculino,Centro,Web,11,2,34391.0,68782,1,4.26
48,Femenino,Centro,App,29,0,45878.0,0,1,3.96
32,Otro,Centro,Web,6,4,33148.0,132592,0,4.72
32,Masculino,Sur,App,20,2,37852.0,75704,0,4.83
41,Femenino,Centro,Web,10,4,41964.0,167856,0,4.41
32,Femenino,Sur,Web,10,2,30688.0,61376,0,4.54
37,Femenino,Sur,Web,10,7,44319.0,310233,1,4.34
63,Femenino,Norte,Web,11,5,56939.0,284695,0,4.67
35,Femenino,Sur,Web,14,3,16963.0,50889,0,4.6
33,Femenino,Norte,Web,10,1,30811.0,30811,1,3.66
30,Femenino,Sur,Web,11,4,62455.0,249820,0,4.43
46,Femenino,Centro,Web,9,1,38946.0,38946,0,5.0
35,Masculino,Sur,App,12,2,34831.0,69662,0,3.93
30,Femenino,Sur,App,19,2,31403.0,62806,0,4.51
53,Masculino,Sur,Web,9,4,53243.0,212972,0,4.83
55,Femenino,Sur,App,23,5,26982.0,134910,0,5.0
30,Otro,Centro,Web,5,2,45614.0,91228,0,4.31
18,Femenino,Norte,App,24,2,29378.0,58756,1,3.4
50,Femenino,Centro,App,21,2,28501.0,57002,0,4.49
29,Otro,Norte,App,20,3,31576.0,94728,1,4.06
47,Masculino,Centro,Web,13,4,36493.0,875832,0,4.77
18,Masculino,Centro,App,20,1,26727.0,26727,0,4.16
48,Femenino,Sur,Web,6,4,50553.0,202212,0,4.77
23,Femenino,Centro,App,19,5,24544.0,122720,0,5.0
46,Masculino,Sur,Web,9,1,38580.0,38580,0,4.81
38,Masculino,Norte,App,21,2,42149.0,84298,0,4.74
26,Masculino,Sur,App,12,3,35456.0,106368,1,3.9
33,Masculino,Sur,App,18,1,44216.0,44216,0,4.79
46,Femenino,Centro,Web,14,3,31697.0,95091,0,4.35
39,Masculino,Centro,App,18,4,43321.0,173284,1,3.83
45,Femenino,Sur,Web,9,4,44576.0,178304,0,4.67
61,Femenino,Norte,App,18,3,50767.0,152301,0,4.66
19,Femenino,Centro,Web,7,5,10222.0,51110,0,4.8
57,Masculino,Centro,Web,10,1,44658.0,44658,0,4.59
39,Femenino,Norte,Web,5,4,46665.0,186660,0,4.59
27,Femenino,Centro,Web,17,2,29112.0,58224,0,4.26
22,Masculino,Norte,Web,6,1,26726.0,26726,0,4.72
35,Femenino,Norte,Web,8,4,26833.0,107332,0,4.96
49,Masculino,Norte,Web,8,3,24965.0,74895,0,4.64
36,Femenino,Sur,App,19,2,43389.0,86778,1,4.12
56,Masculino,Centro,App,16,2,65782.0,131564,1,3.94
20,Masculino,Sur,Web,7,1,26327.0,26327,0,3.84
37,Femenino,Centro,Web,13,2,29951.0,59902,0,4.67
22,Femenino,Centro,Web,12,4,33484.0,133936,1,3.76
42,Femenino,Centro,Web,9,4,17076.0,68304,0,4.74
48,Femenino,Centro,App,16,6,28853.0,173118,0,4.82
32,Otro,Norte,App,14,1,34116.0,34116,0,4.45
18,Femenino,Centro,Web,7,4,21972.0,87888,1,4.23
40,Masculino,Norte,Web,8,0,50369.0,0,0,4.68
43,Femenino,Centro,Web,6,2,20924.0,41848,2,3.06
42,Masculino,Centro,App,18,2,47112.0,565344,0,4.93
52,Masculino,Norte,App,25,2,55422.0,110844,0,4.77
25,Masculino,Norte,Web,8,1,38330.0,38330,0,5.0
46,Femenino,Sur,Web,8,3,35250.0,105750,0,4.67
52,Femenino,Centro,App,9,5,40755.0,203775,1,4.07
18,Femenino,Norte,App,18,1,27413.0,27413,1,3.57
41,Masculino,Sur,Web,6,2,11717.0,23434,0,4.97
31,Masculino,Norte,Web,9,5,,114490,1,3.95
37,Otro,Centro,Web,10,2,35415.0,70830,1,3.78
42,Femenino,Sur,Web,11,2,25011.0,50022,0,4.45
32,Masculino,Norte,Web,10,4,29842.0,119368,0,4.27
29,Masculino,Norte,Web,13,2,40100.0,80200,0,4.77
38,Femenino,Norte,Web,10,2,37440.0,74880,0,4.27
24,Femenino,Centro,Web,11,3,46301.0,138903,0,5.0
24,Masculino,Norte,App,9,4,37130.0,148520,0,4.24
46,Masculino,Centro,Web,7,4,41135.0,164540,0,4.68
24,Masculino,Norte,Web,12,4,25052.0,100208,1,3.56
45,Femenino,Centro,Web,6,5,20776.0,103880,1,3.93
43,Masculino,Sur,Web,6,2,31494.0,62988,0,4.72
18,Femenino,Sur,App,15,0,23973.0,0,0,4.72
29,Femenino,Centro,Web,7,3,32348.0,97044,0,
52,Femenino,Centro,Web,3,3,25007.0,75021,0,4.53
26,Masculino,Centro,App,18,2,44009.0,88018,0,4.92
32,Masculino,Centro,Web,11,3,26029.0,78087,0,4.86
43,Masculino,Centro,App,14,5,32084.0,160420,0,3.97
47,Femenino,Norte,Web,11,1,36807.0,36807,0,4.85
34,Masculino,Sur,Web,13,2,48578.0,97156,0,4.36
30,Femenino,Centro,Web,6,4,55604.0,222416,0,4.47
55,Masculino,Norte,Web,12,2,60179.0,120358,1,3.91
58,Femenino,Centro,App,20,0,23318.0,0,1,4.46
49,Femenino,Centro,App,14,5,32872.0,164360,0,4.43
39,Femenino,Sur,Web,12,0,29089.0,0,0,4.27
28,Femenino,Centro,Web,15,2,,77286,0,4.78
28,Masculino,Sur,App,15,3,37911.0,113733,0,4.63
44,Masculino,Norte,App,17,2,29603.0,59206,0,
43,Femenino,Centro,Web,10,6,28506.0,171036,0,4.61
54,Masculino,Centro,Web,9,5,26130.0,130650,1,4.33
45,Femenino,Norte,Web,6,3,5000.0,15000,0,4.73
19,Masculino,Centro,App,16,4,17272.0,69088,1,3.95
50,Masculino,Sur,Web,13,5,47901.0,239505,0,5.0
26,Masculino,Norte,Web,7,2,51476.0,102952,0,4.58
33,Femenino,Centro,App,12,2,51124.0,102248,0,4.98
41,Masculino,Norte,Web,13,4,47060.0,188240,0,4.52
61,Masculino,Norte,Web,10,4,27006.0,108024,0,4.87
75,Femenino,Norte,Web,9,7,27075.0,189525,0,4.44
45,Femenino,Sur,Web,11,6,15017.0,90102,0,4.57
35,Masculino,Sur,Web,15,4,28251.0,113004,0,4.36
44,Masculino,Sur,Web,10,3,37645.0,112935,0,
48,Masculino,Centro,Web,13,5,25106.0,125530,1,4.46
34,Masculino,Norte,Web,12,2,40273.0,80546,0,4.56
59,Masculino,Centro,App,17,6,46672.0,280032,0,4.56
40,Femenino,Centro,App,16,2,30306.0,60612,0,4.31
43,Femenino,Sur,Web,9,6,20369.0,122214,1,3.99
45,Femenino,Norte,Web,11,3,53321.0,159963,0,4.54
43,Masculino,Centro,Web,14,2,36871.0,73742,0,4.55
48,Femenino,Norte,Web,6,5,60494.0,302470,0,5.0
30,Masculino,Centro,Web,14,3,35608.0,106824,0,4.56
31,Masculino,Centro,App,15,2,36596.0,73192,0,4.83
24,Masculino,Centro,Web,4,2,22026.0,44052,1,3.84
43,Femenino,Centro,Web,11,1,31367.0,31367,1,3.51
47,Masculino,Centro,Web,7,4,18344.0,73376,0,4.18
43,Femenino,Centro,App,23,2,20326.0,40652,0,4.86
58,Masculino,Sur,Web,13,3,47593.0,142779,0,
37,Femenino,Sur,App,21,2,32158.0,64316,0,4.78
46,Femenino,Sur,Web,7,3,31828.0,95484,1,4.12
24,Masculino,Sur,App,24,2,24714.0,49428,0,4.35
33,Femenino,Centro,App,30,0,30323.0,0,0,4.97
46,Femenino,Centro,Web,6,2,50496.0,100992,0,5.0
48,Masculino,Centro,Web,17,3,38930.0,116790,1,3.73
34,Masculino,Centro,Web,8,1,20939.0,20939,0,4.83
37,Masculino,Sur,Web,12,2,47914.0,95828,0,4.16
19,Masculino,Norte,App,22,3,53550.0,160650,0,4.81
33,Masculino,Sur,App,18,1,40886.0,40886,0,4.49
48,Femenino,Centro,App,16,4,47895.0,191580,1,3.57
44,Femenino,Centro,App,16,1,51249.0,51249,0,4.84
44,Femenino,Centro,Web,10,5,16720.0,83600,0,4.19
38,Masculino,Sur,Web,9,1,58071.0,58071,0,4.79
38,Masculino,Centro,App,20,1,48885.0,48885,1,
30,Femenino,Centro,Web,8,5,40366.0,201830,0,4.25
46,Femenino,Norte,App,21,0,35394.0,0,0,4.75
43,Masculino,Centro,Web,11,2,20403.0,40806,0,4.66
43,Femenino,Norte,Web,11,2,32473.0,64946,0,5.0
31,Masculino,Centro,App,19,4,40030.0,160120,0,4.27
18,Masculino,Centro,Web,5,2,19447.0,38894,1,4.2
51,Masculino,Centro,App,27,4,36813.0,147252,0,
32,Femenino,Norte,App,18,5,,102985,0,4.94
27,Masculino,Norte,App,18,2,29434.0,58868,1,4.17
46,Masculino,Centro,App,14,3,20668.0,62004,0,4.83
33,Masculino,Norte,Web,6,4,17456.0,69824,0,4.43
50,Masculino,Norte,App,17,5,41581.0,207905,0,4.29
45,Masculino,Norte,Web,7,2,29792.0,59584,0,4.14
46,Masculino,Sur,Web,11,4,31070.0,124280,0,5.0
21,Femenino,Centro,App,17,4,25548.0,102192,1,3.72
52,Masculino,Centro,Web,11,2,70477.0,140954,1,3.63
41,Masculino,Centro,Web,10,3,43438.0,130314,0,4.36
33,Femenino,Centro,Web,4,0,43526.0,0,0,4.72
39,Masculino,Sur,Web,7,7,26545.0,185815,0,4.58
18,Masculino,Centro,App,17,0,38757.0,0,0,4.01
42,Masculino,Norte,Web,9,0,33567.0,0,0,4.97
25,Femenino,Norte,App,18,1,24348.0,24348,0,4.73
21,Femenino,Norte,App,20,1,56299.0,56299,1,
19,Otro,Centro,App,14,0,39723.0,0,1,4.14
51,Masculino,Sur,Web,11,1,43918.0,43918,0,3.83
30,Femenino,Centro,App,17,5,22839.0,114195,0,5.0
56,Masculino,Norte,Web,10,0,23157.0,0,0,5.0
31,Masculino,Norte,App,15,6,33959.0,203754,2,2.83
18,Masculino,Sur,Web,5,3,25817.0,77451,0,4.46
24,Masculino,Centro,App,21,4,40951.0,163804,0,
52,Femenino,Sur,App,18,0,45951.0,0,0,4.46
36,Femenino,Centro,Web,9,7,36186.0,253302,1,3.81
31,Femenino,Centro,Web,8,4,44582.0,178328,1,4.16
39,Masculino,Norte,App,8,0,38169.0,0,0,4.85
44,Femenino,Norte,Web,14,2,26139.0,52278,1,3.72
51,Femenino,Centro,App,14,8,35270.0,282160,0,5.0
55,Femenino,Sur,Web,9,3,39878.0,119634,0,4.87
33,Masculino,Centro,Web,13,2,46097.0,92194,1,3.95
22,Masculino,Centro,App,9,3,,107997,1,3.66
33,Femenino,Norte,App,17,4,28092.0,112368,0,4.66
41,Femenino,Sur,App,27,1,47744.0,47744,0,4.47
26,Masculino,Sur,Web,8,5,,192345,1,3.25
26,Femenino,Centro,App,24,1,52448.0,52448,1,3.75
42,Femenino,Sur,Web,13,5,37347.0,186735,1,3.87
37,Femenino,Centro,App,19,2,23102.0,46204,0,4.73
38,Femenino,Centro,App,12,1,49823.0,49823,1,4.25
28,Femenino,Centro,Web,8,0,27278.0,0,2,2.84
35,Masculino,Sur,Web,12,2,38795.0,77590,0,4.56
26,Femenino,Centro,Web,11,1,36128.0,36128,1,4.06
48,Masculino,Norte,App,30,2,37747.0,75494,0,4.51
50,Femenino,Centro,Web,4,0,35462.0,0,0,4.8
18,Masculino,Sur,App,17,-1,12874.0,38622,0,4.47
26,Masculino,Norte,Web,15,6,21874.0,131244,0,4.56
20,Femenino,Centro,App,19,2,46465.0,92930,0,4.83
30,Masculino,Centro,App,15,0,39645.0,0,1,3.74
36,Femenino,Centro,Web,17,2,58311.0,116622,0,4.92
20,Otro,Centro,Web,13,1,20547.0,20547,0,4.01
26,Femenino,Sur,Web,10,6,33532.0,201192,1,3.4
25,Femenino,Norte,App,26,4,47708.0,190832,0,3.93
40,Femenino,Norte,App,20,1,29210.0,29210,0,4.35
38,Otro,Norte,Web,10,2,29875.0,59750,0,5.0
29,Masculino,Sur,App,18,5,30829.0,154145,0,4.64
40,Masculino,Centro,Web,11,2,30655.0,61310,0,4.48
31,Femenino,Centro,Web,11,3,41031.0,123093,1,4.09
34,Masculino,Sur,App,14,2,13737.0,27474,0,4.95
58,Femenino,Sur,Web,17,1,58412.0,58412,1,3.62
54,Masculino,Sur,Web,9,5,,132920,0,5.0
22,Femenino,Sur,Web,11,3,7893.0,23679,0,4.69
47,Femenino,Centro,Web,9,3,36927.0,110781,0,4.86
47,Femenino,Sur,Web,19,2,32521.0,65042,0,
24,Femenino,Centro,Web,9,5,31464.0,157320,0,4.77
47,Masculino,Sur,App,14,-1,40800.0,81600,0,4.55
56,Femenino,Centro,Web,7,2,46138.0,92276,0,5.0
24,Masculino,Sur,Web,10,2,53839.0,107678,0,
26,Femenino,Centro,Web,5,0,,0,0,4.92
50,Masculino,Norte,Web,10,3,46791.0,140373,0,4.61
41,Femenino,Centro,App,23,5,44657.0,223285,0,4.51
44,Femenino,Sur,App,14,2,5000.0,10000,1,4.49
42,Masculino,Sur,Web,13,2,26301.0,52602,0,4.68
42,Femenino,Norte,App,16,4,20856.0,83424,0,4.7
22,Femenino,Norte,Web,10,5,38674.0,193370,0,4.7
50,Masculino,Norte,Web,16,4,41553.0,166212,0,5.0
52,Masculino,Centro,Web,4,2,42095.0,84190,1,4.61
35,Femenino,Sur,Web,10,2,31582.0,63164,0,5.0
37,Femenino,Norte,Web,7,2,33092.0,66184,0,5.0
19,Masculino,Centro,App,30,2,32507.0,65014,1,3.51
44,Femenino,Sur,Web,10,2,31786.0,63572,0,4.92
44,Femenino,Centro,App,19,3,45926.0,826668,0,4.74
37,Femenino,Centro,Web,6,5,22714.0,113570,0,4.15
51,Masculino,Centro,Web,8,3,28268.0,84804,0,4.89
33,Masculino,Centro,App,19,3,36405.0,109215,1,3.72
44,Femenino,Centro,Web,9,5,32184.0,160920,1,4.38
25,Femenino,Centro,Web,7,4,20444.0,81776,0,4.51
37,Femenino,Centro,App,13,1,41933.0,41933,2,2.95
35,Masculino,Sur,App,13,2,28382.0,56764,0,5.0
40,Femenino,Centro,App,21,1,25863.0,25863,0,4.68
33,Femenino,Sur,App,16,5,,164285,1,4.21
36,Masculino,Norte,App,19,0,24681.0,0,0,4.81
47,Femenino,Centro,App,11,5,36639.0,183195,0,4.87
32,Masculino,Norte,Web,15,4,30483.0,121932,0,4.59
18,Femenino,Norte,Web,9,3,26549.0,79647,0,4.74
58,Femenino,Centro,Web,12,3,,97869,1,3.95
54,Femenino,Sur,Web,12,3,50047.0,150141,0,4.53
22,Masculino,Norte,App,18,1,37730.0,37730,0,4.58
46,Masculino,Centro,App,14,1,16389.0,16389,0,5.0
31,Masculino,Sur,Web,9,2,45245.0,90490,1,4.02
41,Femenino,Norte,Web,9,3,42348.0,127044,1,4.14
41,Masculino,Centro,App,21,3,41640.0,124920,0,4.71
35,Femenino,Centro,Web,5,3,45904.0,137712,2,2.49
28,Femenino,Centro,App,25,4,34380.0,137520,0,4.27
29,Masculino,Norte,Web,10,5,41791.0,208955,0,4.56
27,Femenino,Centro,Web,9,2,28476.0,56952,0,4.29
28,Femenino,Sur,Web,10,2,44370.0,88740,0,4.48
37,Femenino,Centro,Web,6,3,38167.0,114501,1,3.72
29,Femenino,Norte,App,26,2,17826.0,213912,0,4.49
46,Femenino,Sur,App,15,4,49336.0,197344,0,5.0
55,Masculino,Norte,App,14,5,36703.0,183515,0,4.76
31,Femenino,Centro,Web,10,4,31432.0,125728,1,4.14
40,Masculino,Norte,Web,5,4,30687.0,122748,0,4.75
43,Masculino,Sur,App,18,5,32017.0,160085,1,4.34
43,Femenino,Centro,App,22,2,39205.0,78410,1,4.22
38,Femenino,Centro,Web,13,5,23849.0,119245,0,4.51
46,Femenino,Norte,Web,10,1,18076.0,18076,0,5.0
43,Masculino,Centro,App,17,2,23676.0,47352,0,4.58
23,Femenino,Sur,Web,12,3,38030.0,114090,1,3.88
48,Masculino,Sur,Web,11,3,35256.0,105768,0,
48,Femenino,Centro,Web,15,3,50558.0,151674,0,4.89
28,Masculino,Centro,Web,5,2,33421.0,66842,0,4.88
38,Femenino,Centro,App,21,5,45810.0,229050,0,4.46
46,Femenino,Sur,App,18,3,28586.0,85758,1,4.14
35,Masculino,Centro,Web,8,2,30028.0,60056,0,4.85
50,Masculino,Centro,Web,8,3,37614.0,112842,1,3.95
66,Femenino,Centro,Web,7,6,38136.0,228816,0,4.77
28,Masculino,Centro,Web,7,8,31315.0,250520,0,4.4
21,Masculino,Norte,Web,6,3,22684.0,68052,1,3.95
41,Masculino,Centro,App,19,0,17123.0,0,0,4.51
46,Masculino,Centro,Web,8,5,44472.0,222360,1,4.0
35,Femenino,Sur,Web,8,3,41481.0,124443,0,4.64
55,Femenino,Norte,Web,6,4,30883.0,123532,0,4.37
21,Femenino,Centro,Web,8,3,,113088,0,4.32
46,Masculino,Centro,Web,7,2,34902.0,69804,2,3.25
30,Masculino,Centro,Web,6,3,47774.0,143322,1,3.69
-5,Femenino,Norte,App,20,1,22952.0,22952,0,4.62
61,Femenino,Centro,Web,10,3,37629.0,112887,0,4.58
28,Masculino,Centro,Web,11,0,31721.0,0,0,4.42
31,Otro,Centro,App,23,1,36583.0,36583,0,5.0
48,Masculino,Centro,App,20,3,55645.0,166935,1,3.6
33,Femenino,Centro,Web,9,1,33465.0,33465,0,5.0
37,Femenino,Sur,App,18,0,44467.0,0,1,
38,Femenino,Centro,Web,13,0,33926.0,0,0,4.49
18,Masculino,Sur,Web,11,4,45550.0,182200,1,3.91
37,Femenino,Centro,Web,12,3,44584.0,133752,0,
29,Masculino,Norte,App,22,4,30350.0,121400,0,4.59
32,Femenino,Norte,App,19,7,29936.0,209552,1,3.93
55,Masculino,Centro,Web,9,3,44093.0,132279,0,4.79
22,Masculino,Sur,Web,10,1,25435.0,25435,1,3.75
47,Masculino,Centro,App,26,3,39337.0,118011,1,4.22
34,Femenino,Sur,Web,5,3,30830.0,92490,0,4.24
34,Femenino,Centro,Web,14,2,39517.0,79034,0,4.4
47,Femenino,Centro,App,11,7,35117.0,245819,0,4.5
42,Masculino,Norte,App,14,2,,55978,0,4.39
44,Masculino,Centro,App,22,4,49863.0,199452,0,4.75
49,Masculino,Centro,App,23,3,40224.0,120672,0,4.9
34,Masculino,Norte,Web,11,2,34456.0,68912,0,4.08
30,Masculino,Norte,App,16,0,39539.0,0,0,
24,Femenino,Centro,App,17,7,,94815,0,4.52
28,Masculino,Centro,Web,16,5,59282.0,296410,0,4.55
73,Femenino,Sur,Web,6,5,41246.0,206230,0,4.48
52,Femenino,Sur,Web,16,1,14241.0,14241,0,
21,Masculino,Centro,Web,6,4,47515.0,190060,0,
22,Femenino,Centro,App,19,4,24283.0,97132,0,4.51
43,Femenino,Centro,App,20,2,48974.0,97948,0,4.2
44,Masculino,Sur,Web,8,1,38058.0,38058,0,4.62
44,Femenino,Norte,Web,8,4,17755.0,71020,1,3.7
34,Masculino,Centro,App,23,5,38235.0,191175,0,4.59
36,Femenino,Sur,Web,8,5,37652.0,188260,0,4.77
41,Femenino,Centro,Web,6,2,49971.0,99942,1,3.89
39,Femenino,Centro,Web,20,6,42115.0,252690,1,4.13
18,Femenino,Centro,Web,14,3,17827.0,53481,0,4.48
35,Masculino,Norte,Web,11,4,47277.0,189108,0,4.86
27,Femenino,Centro,Web,9,4,29081.0,116324,0,4.97
40,Masculino,Centro,Web,12,2,56643.0,113286,0,4.78
73,Femenino,Norte,Web,9,10,36692.0,366920,2,3.26
42,Masculino,Norte,Web,10,4,33764.0,135056,0,4.83
34,Masculino,Sur,Web,16,3,25236.0,75708,1,3.96
49,Masculino,Centro,App,23,0,31366.0,0,0,5.0
43,Femenino,Centro,App,23,2,27294.0,54588,2,3.35
43,Femenino,Centro,Web,9,2,50567.0,101134,0,4.96
45,Femenino,Sur,Web,10,1,20771.0,20771,0,4.74
62,Masculino,Centro,App,29,4,,195816,0,4.91
24,Femenino,Centro,Web,5,4,43543.0,174172,0,4.72
43,Masculino,Sur,Web,3,2,52980.0,105960,0,4.35
26,Masculino,Sur,App,14,3,34425.0,103275,1,4.15
44,Femenino,Norte,App,17,6,24279.0,145674,0,4.22
26,Masculino,Sur,App,21,2,31838.0,63676,1,4.04
32,Femenino,Centro,Web,8,2,41936.0,83872,0,4.74
34,Femenino,Centro,App,22,4,36116.0,144464,0,4.58
49,Masculino,Norte,Web,10,5,41750.0,208750,1,4.06
49,Masculino,Norte,App,23,2,53733.0,107466,0,4.87
23,Masculino,Centro,Web,10,2,40434.0,80868,0,4.22
38,Femenino,Centro,Web,7,4,38081.0,152324,0,5.0
29,Femenino,Centro,App,14,3,12217.0,36651,0,4.67
22,Masculino,Centro,Web,12,4,23893.0,95572,1,4.5
35,Masculino,Sur,Web,16,3,30393.0,91179,0,4.91
34,Masculino,Norte,App,18,2,11374.0,22748,0,4.68
67,Femenino,Centro,Web,15,5,26738.0,133690,1,3.83
43,Masculino,Norte,Web,9,0,33228.0,0,0,4.68
21,Femenino,Sur,Web,15,4,31881.0,127524,0,4.65
31,Femenino,Centro,App,12,3,40719.0,122157,1,4.29
50,Masculino,Sur,App,25,1,35036.0,35036,0,5.0
63,Femenino,Norte,Web,9,4,42426.0,169704,1,4.15
18,Masculino,Norte,App,19,4,27686.0,110744,0,5.0
18,Femenino,Centro,Web,11,3,33204.0,99612,1,3.19
