Edad,Genero,Region,Canal,Visitas_Mensuales,Compras,Monto_Promedio,Gasto_Total,Devoluciones,Satisfaccion,Gasto_Total_W,Nivel_Visitas,Rango_Edad
27,Femenino,Norte,Web,13,2,43400.0,86800,1,3.82,86800.0,Medio,25-34
28,Masculino,Centro,App,17,3,42112.0,126336,0,4.66,126336.0,Medio,25-34
35,Masculino,Sur,App,15,2,45476.0,90952,0,4.66,90952.0,Medio,35-44
42,Masculino,Centro,Web,9,3,36358.0,109074,0,4.32,109074.0,Bajo,35-44
48,Femenino,Sur,Web,8,4,49612.0,198448,0,4.44,198448.0,Bajo,45-54
28,Femenino,Centro,Web,6,2,45738.0,91476,0,4.86,91476.0,Bajo,25-34
55,Femenino,Centro,App,16,3,52038.0,156114,0,4.4,156114.0,Medio,55-64
34,Masculino,Sur,App,17,4,27617.0,110468,0,4.55,110468.0,Medio,25-34
37,Masculino,Norte,Web,12,5,47953.0,239765,0,4.37,239765.0,Medio,35-44
29,Masculino,Centro,Web,11,2,28093.0,56186,0,4.51,56186.0,Medio,25-34
18,Femenino,Norte,App,13,2,30814.0,61628,0,4.54,61628.0,Medio,16-24
48,Otro,Sur,Web,11,1,35890.5,35068,0,4.62,35068.0,Medio,45-54
46,Masculino,Sur,Web,9,2,24922.0,49844,0,4.3,49844.0,Bajo,45-54
34,Femenino,Norte,Web,6,4,14273.0,57092,0,4.61,57092.0,Bajo,25-34
38,Femenino,Centro,App,13,2,50384.0,100768,1,3.6,100768.0,Medio,35-44
44,Femenino,Sur,Web,7,2,28173.0,56346,0,4.53,56346.0,Bajo,35-44
19,Femenino,Norte,Web,10,4,29613.0,118452,0,4.82,118452.0,Bajo,16-24
31,Masculino,Centro,App,24,3,25881.0,77643,0,4.94,77643.0,Alto,25-34
47,Femenino,Sur,Web,8,4,33970.0,135880,1,3.54,135880.0,Bajo,45-54
22,Femenino,Norte,Web,10,1,27229.0,27229,1,4.28,27229.0,Bajo,16-24
41,Masculino,Centro,Web,9,3,51499.0,154497,0,4.55,154497.0,Bajo,35-44
21,Femenino,Centro,Web,6,6,26063.0,156378,0,4.42,156378.0,Bajo,16-24
43,Femenino,Sur,App,17,3,57024.0,171072,0,4.45,171072.0,Medio,35-44
37,Femenino,Sur,Web,13,1,49221.0,49221,2,3.1,49221.0,Medio,35-44
18,Femenino,Sur,Web,13,3,27006.0,81018,1,4.38,81018.0,Medio,16-24
51,Masculino,Centro,Web,10,6,35890.5,248922,0,4.29,248922.0,Bajo,45-54
29,Femenino,Sur,App,31,4,40582.0,162328,1,3.23,162328.0,Alto,25-34
28,Masculino,Sur,App,21,4,44299.0,177196,1,3.92,177196.0,Alto,25-34
40,Masculino,Centro,Web,9,1,35890.5,47285,0,4.87,47285.0,Bajo,35-44
51,Femenino,Sur,Web,12,5,39889.0,199445,0,4.77,199445.0,Medio,45-54
25,Masculino,Norte,App,11,0,22296.0,0,0,4.8,0.0,Medio,25-34
38,Femenino,Centro,Web,8,5,43390.0,216950,0,4.35,216950.0,Bajo,35-44
43,Femenino,Norte,App,17,2,33611.0,67222,1,3.63,67222.0,Medio,35-44
46,Masculino,Norte,App,16,0,5000.0,0,0,4.77,0.0,Medio,45-54
40,Otro,Norte,App,19,3,40683.0,122049,1,4.43,122049.0,Medio,35-44
33,Masculino,Centro,Web,9,6,26140.0,156840,2,3.23,156840.0,Bajo,25-34
28,Femenino,Centro,Web,9,3,28699.0,86097,0,4.82,86097.0,Bajo,25-34
39,Femenino,Centro,App,22,2,35890.5,71844,0,4.37,71844.0,Alto,35-44
25,Masculino,Norte,Web,11,2,15106.0,30212,1,3.95,30212.0,Medio,25-34
18,Femenino,Centro,Web,13,2,34368.0,68736,1,4.53,68736.0,Medio,16-24
43,Femenino,Centro,App,23,3,32649.0,97947,1,4.45,97947.0,Alto,35-44
48,Masculino,Sur,App,22,7,26673.0,186711,0,4.44,186711.0,Alto,45-54
18,Femenino,Centro,Web,10,0,33254.0,0,0,4.35,0.0,Bajo,16-24
25,Masculino,Centro,Web,7,3,13467.0,40401,0,4.18,40401.0,Bajo,25-34
45,Femenino,Sur,Web,11,3,37657.0,112971,1,3.95,112971.0,Medio,45-54
62,Masculino,Centro,App,22,4,44947.0,179788,0,4.82,179788.0,Alto,55-64
38,Femenino,Norte,App,14,3,39362.0,118086,1,4.34,118086.0,Medio,35-44
29,Masculino,Norte,Web,4,3,43816.0,131448,0,4.88,131448.0,Bajo,25-34
35,Masculino,Sur,Web,6,3,49234.0,147702,2,2.84,147702.0,Bajo,35-44
54,Femenino,Norte,App,14,3,37123.0,111369,0,5.0,111369.0,Medio,45-54
30,Otro,Sur,Web,3,7,47645.0,333515,0,4.28,293440.875,Bajo,25-34
28,Masculino,Centro,Web,10,2,33178.0,66356,0,4.42,66356.0,Bajo,25-34
32,Masculino,Sur,App,16,2,26406.0,52812,0,4.7,52812.0,Medio,25-34
26,Masculino,Sur,Web,6,3,29186.0,87558,0,4.29,87558.0,Bajo,25-34
39,Masculino,Sur,App,10,3,39053.0,117159,0,5.0,117159.0,Bajo,35-44
57,Masculino,Centro,Web,11,4,51572.0,206288,0,5.0,206288.0,Medio,55-64
41,Femenino,Sur,Web,14,2,36167.0,72334,0,4.62,72334.0,Medio,35-44
34,Femenino,Centro,App,29,3,27016.0,81048,1,3.67,81048.0,Alto,25-34
34,Femenino,Centro,Web,5,3,52431.0,157293,0,4.63,157293.0,Bajo,25-34
19,Femenino,Centro,App,13,3,15632.0,46896,0,4.43,46896.0,Medio,16-24
48,Femenino,Sur,Web,11,2,29193.0,58386,1,4.02,58386.0,Medio,45-54
37,Femenino,Sur,Web,8,3,46263.0,138789,0,4.29,138789.0,Bajo,35-44
35,Masculino,Sur,Web,6,1,56447.0,56447,1,3.97,56447.0,Bajo,35-44
75,Femenino,Centro,Web,6,5,47018.0,235090,0,5.0,235090.0,Bajo,65-75
41,Femenino,Centro,Web,7,4,39148.0,939552,0,4.1,293440.875,Bajo,35-44
28,Masculino,Centro,Web,17,3,30709.0,92127,0,4.29,92127.0,Medio,25-34
32,Femenino,Norte,Web,9,4,41376.0,165504,0,4.53,165504.0,Bajo,25-34
51,Masculino,Norte,Web,4,3,39202.0,117606,0,4.92,117606.0,Bajo,45-54
39,Femenino,Centro,App,20,3,26795.0,80385,0,4.96,80385.0,Medio,35-44
20,Otro,Centro,App,17,4,35890.5,117168,0,4.84,117168.0,Medio,16-24
49,Masculino,Centro,App,17,3,26940.0,80820,0,4.24,80820.0,Medio,45-54
29,Femenino,Norte,Web,8,4,34513.0,138052,0,4.44,138052.0,Bajo,25-34
60,Femenino,Norte,Web,11,2,40942.0,81884,0,4.53,81884.0,Medio,55-64
50,Masculino,Norte,App,16,5,57112.0,285560,0,4.73,285560.0,Medio,45-54
32,Masculino,Sur,Web,7,4,27631.0,110524,0,4.67,110524.0,Bajo,25-34
53,Masculino,Centro,Web,12,2,35780.0,71560,0,4.35,71560.0,Medio,45-54
38,Masculino,Centro,App,18,3,50810.0,152430,0,4.56,152430.0,Medio,35-44
48,Femenino,Centro,App,10,4,58861.0,235444,0,4.53,235444.0,Bajo,45-54
43,Femenino,Norte,Web,8,4,35890.5,168584,0,4.53,168584.0,Bajo,35-44
27,Femenino,Sur,Web,7,4,31007.0,124028,0,4.57,124028.0,Bajo,25-34
30,Masculino,Sur,App,16,5,28823.0,144115,0,5.0,144115.0,Medio,25-34
50,Masculino,Norte,Web,9,2,15383.0,30766,0,5.0,30766.0,Bajo,45-54
33,Femenino,Centro,App,23,3,23816.0,71448,0,4.02,71448.0,Alto,25-34
33,Femenino,Sur,App,20,3,36168.0,108504,0,4.7,108504.0,Medio,25-34
26,Femenino,Sur,App,17,3,31728.0,95184,0,5.0,95184.0,Medio,25-34
43,Femenino,Centro,Web,9,2,43930.0,87860,0,4.86,87860.0,Bajo,35-44
62,Masculino,Centro,Web,12,3,36957.0,110871,0,4.82,110871.0,Medio,55-64
25,Masculino,Norte,App,12,2,25037.0,50074,1,4.22,50074.0,Medio,25-34
38,Masculino,Sur,App,14,6,39796.0,238776,1,3.96,238776.0,Medio,35-44
54,Femenino,Norte,App,20,4,68163.0,272652,0,4.98,272652.0,Medio,45-54
37,Femenino,Sur,Web,9,2,31741.0,63482,0,4.62,63482.0,Bajo,35-44
43,Masculino,Centro,Web,11,1,38116.0,38116,0,4.78,38116.0,Medio,35-44
25,Masculino,Centro,App,13,4,43913.0,175652,1,3.95,175652.0,Medio,25-34
43,Masculino,Centro,App,19,4,29590.0,118360,0,4.97,118360.0,Medio,35-44
35,Masculino,Norte,App,14,2,50523.0,101046,2,2.95,101046.0,Medio,35-44
49,Masculino,Norte,App,22,6,18401.0,110406,0,4.61,110406.0,Alto,45-54
52,Masculino,Norte,Web,7,3,32907.0,98721,0,4.18,98721.0,Bajo,45-54
69,Femenino,Norte,App,19,0,36615.0,0,0,4.73,0.0,Medio,65-75
44,Femenino,Sur,App,21,3,38413.0,115239,0,5.0,115239.0,Alto,35-44
41,Femenino,Centro,Web,10,1,12492.0,12492,0,4.84,12492.0,Bajo,35-44
40,Femenino,Norte,App,15,2,52232.0,104464,0,4.4,104464.0,Medio,35-44
33,Masculino,Sur,Web,11,3,39920.0,119760,0,4.09,119760.0,Medio,25-34
42,Femenino,Sur,Web,8,2,49773.0,99546,1,3.87,99546.0,Bajo,35-44
34,Masculino,Sur,App,18,3,54456.0,163368,0,4.95,163368.0,Medio,25-34
40,Masculino,Sur,Web,12,3,27113.0,81339,0,4.56,81339.0,Medio,35-44
53,Femenino,Norte,Web,6,2,8017.0,16034,0,4.33,16034.0,Bajo,45-54
25,Femenino,Centro,Web,5,5,47506.0,237530,0,4.45,237530.0,Bajo,25-34
51,Masculino,Sur,Web,10,1,35890.5,34213,0,4.85,34213.0,Bajo,45-54
53,Femenino,Centro,Web,10,3,24351.0,73053,0,4.53,73053.0,Bajo,45-54
36,Femenino,Norte,Web,7,3,42315.0,126945,0,4.6,126945.0,Bajo,35-44
18,Femenino,Sur,App,23,3,62262.0,186786,0,4.91,186786.0,Alto,16-24
30,Femenino,Norte,Web,13,4,33193.0,132772,0,4.93,132772.0,Medio,25-34
53,Masculino,Norte,Web,11,4,49363.0,197452,0,4.41,197452.0,Medio,45-54
37,Masculino,Centro,Web,8,1,23699.0,23699,1,4.26,23699.0,Bajo,35-44
26,Masculino,Centro,App,15,4,13658.0,54632,0,4.72,54632.0,Medio,25-34
31,Masculino,Centro,Web,10,2,45617.0,91234,0,4.29,91234.0,Bajo,25-34
48,Masculino,Norte,App,17,1,43752.0,43752,0,5.0,43752.0,Medio,45-54
44,Femenino,Sur,App,11,3,31011.0,93033,1,3.88,93033.0,Medio,35-44
35,Masculino,Centro,App,13,4,55724.0,222896,0,4.09,222896.0,Medio,35-44
33,Masculino,Norte,Web,7,0,13776.0,0,0,4.45,0.0,Bajo,25-34
33,Masculino,Sur,App,17,4,20189.0,80756,0,4.38,80756.0,Medio,25-34
26,Masculino,Sur,Web,16,3,27385.0,82155,0,4.43,82155.0,Medio,25-34
57,Femenino,Sur,App,17,4,34273.0,137092,1,3.85,137092.0,Medio,55-64
34,Femenino,Sur,App,20,0,52684.0,0,0,4.59,0.0,Medio,25-34
52,Femenino,Centro,Web,12,2,38390.0,76780,1,3.87,76780.0,Medio,45-54
56,Femenino,Centro,Web,14,6,36084.0,216504,0,4.53,216504.0,Medio,55-64
49,Masculino,Norte,Web,7,4,22109.0,88436,0,4.92,88436.0,Bajo,45-54
32,Masculino,Centro,App,13,4,47839.0,191356,1,3.64,191356.0,Medio,25-34
42,Femenino,Centro,Web,10,2,22660.0,45320,0,5.0,45320.0,Bajo,35-44
37,Masculino,Centro,Web,7,1,20254.0,20254,0,4.32,20254.0,Bajo,35-44
27,Femenino,Centro,Web,13,2,29246.0,58492,0,4.82,58492.0,Medio,25-34
41,Femenino,Centro,App,17,3,38108.0,114324,0,5.0,114324.0,Medio,35-44
23,Femenino,Norte,App,26,2,24808.0,49616,0,4.56,49616.0,Alto,16-24
52,Femenino,Norte,App,17,4,46284.0,185136,2,3.22,185136.0,Medio,45-54
32,Masculino,Centro,App,20,3,31404.0,94212,2,2.77,94212.0,Medio,25-34
40,Femenino,Norte,Web,11,3,48633.0,145899,0,4.55,145899.0,Medio,35-44
41,Masculino,Sur,Web,10,1,42211.0,42211,0,5.0,42211.0,Bajo,35-44
34,Masculino,Centro,App,17,3,56597.0,169791,0,4.89,169791.0,Medio,25-34
45,Femenino,Centro,Web,12,4,31443.0,125772,0,4.85,125772.0,Medio,45-54
32,Otro,Centro,Web,9,3,44927.0,134781,0,4.08,134781.0,Bajo,25-34
48,Otro,Sur,Web,7,2,15758.0,31516,0,4.53,31516.0,Bajo,45-54
21,Femenino,Centro,Web,15,2,67849.0,135698,0,5.0,135698.0,Medio,16-24
39,Masculino,Centro,Web,14,4,45377.0,181508,0,4.82,181508.0,Medio,35-44
61,Femenino,Centro,App,28,1,35594.0,35594,0,4.97,35594.0,Alto,55-64
25,Femenino,Centro,Web,8,4,30640.0,122560,0,4.68,122560.0,Bajo,25-34
29,Femenino,Sur,Web,10,1,31385.0,31385,1,3.66,31385.0,Bajo,25-34
44,Masculino,Sur,Web,7,2,35890.5,117360,0,4.82,117360.0,Bajo,35-44
40,Masculino,Centro,App,15,1,35890.5,46782,0,4.24,46782.0,Medio,35-44
42,Femenino,Sur,Web,6,1,30980.0,30980,0,4.23,30980.0,Bajo,35-44
43,Femenino,Sur,App,27,2,21584.0,43168,0,4.49,43168.0,Alto,35-44
45,Masculino,Centro,App,16,4,51103.0,204412,0,4.78,204412.0,Medio,45-54
51,Femenino,Sur,Web,11,3,47712.0,143136,0,4.28,143136.0,Medio,45-54
42,Femenino,Centro,App,12,4,44776.0,179104,1,3.95,179104.0,Medio,35-44
35,Masculino,Centro,App,16,2,34245.0,68490,0,4.38,68490.0,Medio,35-44
46,Otro,Centro,App,21,3,35890.5,99912,0,4.47,99912.0,Alto,45-54
60,Femenino,Sur,App,27,5,59222.0,296110,0,5.0,293440.875,Alto,55-64
36,Masculino,Norte,Web,14,5,56739.0,283695,1,3.89,283695.0,Medio,35-44
26,Masculino,Sur,Web,12,3,41581.0,124743,1,3.56,124743.0,Medio,25-34
51,Femenino,Sur,Web,12,4,35890.5,197152,1,4.01,197152.0,Medio,45-54
36,Masculino,Norte,Web,14,4,38233.0,152932,0,4.24,152932.0,Medio,35-44
18,Femenino,Sur,App,18,3,16260.0,48780,2,3.1,48780.0,Medio,16-24
48,Masculino,Norte,Web,9,2,25443.0,50886,0,5.0,50886.0,Bajo,45-54
31,Masculino,Centro,App,23,3,48404.0,145212,0,4.85,145212.0,Alto,25-34
36,Masculino,Centro,App,14,3,50684.0,152052,1,4.53,152052.0,Medio,35-44
41,Femenino,Norte,App,18,5,48799.0,243995,1,3.32,243995.0,Medio,35-44
40,Masculino,Sur,App,17,3,40152.0,120456,0,4.74,120456.0,Medio,35-44
46,Femenino,Sur,Web,12,2,49995.0,99990,0,4.33,99990.0,Medio,45-54
32,Femenino,Centro,Web,9,4,34102.0,136408,0,4.61,136408.0,Bajo,25-34
44,Femenino,Norte,Web,12,4,44056.0,176224,0,4.72,176224.0,Medio,35-44
34,Masculino,Centro,Web,9,1,32643.0,32643,0,5.0,32643.0,Bajo,25-34
46,Masculino,Centro,Web,12,5,24218.0,121090,1,3.91,121090.0,Medio,45-54
45,Femenino,Sur,Web,8,2,47124.0,94248,0,4.7,94248.0,Bajo,45-54
26,Masculino,Centro,App,27,1,49201.0,49201,1,4.13,49201.0,Alto,25-34
51,Femenino,Centro,Web,13,2,67337.0,134674,1,3.94,134674.0,Medio,45-54
31,Masculino,Centro,Web,6,5,37818.0,189090,0,5.0,189090.0,Bajo,25-34
47,Femenino,Centro,App,16,4,24476.0,97904,1,4.14,97904.0,Medio,45-54
42,Masculino,Sur,Web,8,5,32358.0,161790,0,4.96,161790.0,Bajo,35-44
60,Femenino,Norte,Web,9,4,37369.0,149476,0,4.24,149476.0,Bajo,55-64
35,Masculino,Sur,App,18,1,37031.0,37031,0,5.0,37031.0,Medio,35-44
33,Femenino,Centro,App,15,2,40600.0,81200,0,4.47,81200.0,Medio,25-34
37,Femenino,Sur,App,20,1,39905.0,39905,1,3.88,39905.0,Medio,35-44
34,Femenino,Centro,Web,9,4,44424.0,177696,2,2.87,177696.0,Bajo,25-34
47,Masculino,Centro,App,22,2,39419.0,78838,0,4.43,78838.0,Alto,45-54
18,Masculino,Sur,App,22,2,5996.0,11992,1,3.43,11992.0,Alto,16-24
25,Femenino,Norte,Web,9,3,36475.0,109425,0,4.66,109425.0,Bajo,25-34
25,Masculino,Sur,App,15,4,34790.0,139160,1,3.23,139160.0,Medio,25-34
49,Masculino,Centro,App,18,2,43953.0,87906,0,4.67,87906.0,Medio,45-54
58,Masculino,Norte,Web,9,3,34362.0,103086,0,5.0,103086.0,Bajo,55-64
36,Masculino,Centro,Web,8,4,38082.0,152328,0,4.87,152328.0,Bajo,35-44
35,Femenino,Centro,App,14,2,41924.0,83848,0,4.8,83848.0,Medio,35-44
38,Femenino,Norte,App,14,3,33779.0,101337,0,4.42,101337.0,Medio,35-44
51,Masculino,Centro,Web,12,2,45760.0,91520,1,4.53,91520.0,Medio,45-54
26,Masculino,Centro,App,12,5,34741.0,173705,0,4.94,173705.0,Medio,25-34
40,Masculino,Centro,Web,9,7,37879.0,265153,1,3.77,265153.0,Bajo,35-44
49,Femenino,Norte,Web,10,4,5000.0,20000,0,4.72,20000.0,Bajo,45-54
44,Femenino,Sur,Web,9,2,22873.0,45746,0,4.53,45746.0,Bajo,35-44
40,Masculino,Sur,App,21,0,22306.0,0,0,4.9,0.0,Alto,35-44
50,Masculino,Sur,App,14,3,40095.0,120285,1,4.5,120285.0,Medio,45-54
18,Masculino,Centro,Web,7,3,47959.0,143877,0,5.0,143877.0,Bajo,16-24
46,Masculino,Norte,Web,9,2,35479.0,70958,0,4.03,70958.0,Bajo,45-54
30,Masculino,Sur,Web,8,1,44679.0,44679,0,4.56,44679.0,Bajo,25-34
18,Femenino,Norte,App,20,7,40479.0,283353,0,4.19,283353.0,Medio,16-24
44,Femenino,Norte,App,21,4,38278.0,153112,2,3.4,153112.0,Alto,35-44
54,Masculino,Centro,App,23,7,44987.0,314909,0,4.77,293440.875,Alto,45-54
36,Masculino,Centro,App,21,4,38351.0,153404,0,4.86,153404.0,Alto,35-44
49,Femenino,Sur,App,14,2,35642.0,71284,0,4.63,71284.0,Medio,45-54
57,Femenino,Centro,Web,8,2,43242.0,86484,1,3.67,86484.0,Bajo,55-64
53,Masculino,Centro,Web,7,4,55309.0,221236,1,3.7,221236.0,Bajo,45-54
57,Femenino,Centro,Web,4,2,44222.0,88444,0,4.33,88444.0,Bajo,55-64
46,Femenino,Sur,App,19,5,39515.0,197575,0,4.35,197575.0,Medio,45-54
38,Masculino,Centro,App,17,4,25170.0,100680,0,4.25,100680.0,Medio,35-44
18,Masculino,Centro,Web,10,0,49690.0,0,0,4.28,0.0,Bajo,16-24
35,Masculino,Norte,App,9,0,18365.0,0,0,4.35,0.0,Bajo,35-44
27,Femenino,Sur,Web,8,4,13577.0,54308,2,3.15,54308.0,Bajo,25-34
64,Masculino,Centro,Web,6,2,44057.0,88114,0,4.93,88114.0,Bajo,55-64
35,Femenino,Norte,App,12,2,24680.0,49360,0,4.79,49360.0,Medio,35-44
39,Femenino,Norte,App,25,5,48919.0,244595,1,4.25,244595.0,Alto,35-44
44,Masculino,Centro,App,23,3,16395.0,49185,0,4.7,49185.0,Alto,35-44
38,Masculino,Centro,Web,15,4,47241.0,188964,0,4.46,188964.0,Medio,35-44
58,Masculino,Centro,Web,8,0,48551.0,0,0,5.0,0.0,Bajo,55-64
30,Masculino,Sur,App,16,2,35916.0,71832,0,4.92,71832.0,Medio,25-34
40,Masculino,Norte,Web,10,3,10805.0,32415,1,3.95,32415.0,Bajo,35-44
29,Femenino,Centro,Web,12,3,13670.0,41010,0,4.67,41010.0,Medio,25-34
22,Femenino,Sur,App,15,2,36179.0,72358,0,4.7,72358.0,Medio,16-24
30,Femenino,Centro,Web,11,3,31706.0,95118,0,4.59,95118.0,Medio,25-34
37,Femenino,Centro,App,19,2,44277.0,88554,1,3.92,88554.0,Medio,35-44
32,Otro,Centro,App,16,2,33981.0,67962,0,4.81,67962.0,Medio,25-34
29,Femenino,Centro,Web,8,4,32487.0,129948,0,4.43,129948.0,Bajo,25-34
21,Masculino,Sur,Web,6,4,5000.0,20000,1,3.31,20000.0,Bajo,16-24
37,Masculino,Centro,App,27,1,45419.0,45419,0,4.06,45419.0,Alto,35-44
19,Masculino,Sur,App,22,4,25060.0,100240,0,4.86,100240.0,Alto,16-24
47,Masculino,Norte,App,22,1,32271.0,32271,0,4.26,32271.0,Alto,45-54
38,Masculino,Norte,App,20,5,35890.5,114310,0,4.83,114310.0,Medio,35-44
20,Masculino,Norte,App,20,1,14515.0,14515,0,4.25,14515.0,Medio,16-24
34,Femenino,Centro,App,10,4,52765.0,211060,0,4.33,211060.0,Bajo,25-34
28,Masculino,Centro,Web,8,3,43745.0,131235,0,4.42,131235.0,Bajo,25-34
41,Femenino,Sur,Web,9,2,45893.0,91786,0,4.76,91786.0,Bajo,35-44
54,Femenino,Centro,Web,11,2,35501.0,71002,0,4.38,71002.0,Medio,45-54
18,Masculino,Sur,Web,9,1,11844.0,11844,0,4.4,11844.0,Bajo,16-24
39,Femenino,Norte,Web,7,2,61074.0,122148,0,4.69,122148.0,Bajo,35-44
36,Masculino,Sur,Web,8,1,40467.0,40467,1,3.52,40467.0,Bajo,35-44
46,Masculino,Sur,App,19,3,38541.0,115623,0,5.0,115623.0,Medio,45-54
40,Masculino,Sur,Web,9,1,31690.0,31690,1,3.38,31690.0,Bajo,35-44
28,Femenino,Sur,Web,7,1,9665.0,9665,0,4.57,9665.0,Bajo,25-34
34,Femenino,Sur,Web,13,2,48798.0,97596,0,5.0,97596.0,Medio,25-34
28,Masculino,Centro,Web,8,5,21507.0,107535,0,4.24,107535.0,Bajo,25-34
50,Femenino,Norte,Web,8,6,44058.0,264348,1,3.92,264348.0,Bajo,45-54
38,Otro,Norte,Web,11,2,44950.0,89900,1,3.93,89900.0,Medio,35-44
60,Otro,Sur,Web,9,3,43009.0,129027,0,4.56,129027.0,Bajo,55-64
37,Masculino,Centro,App,13,5,41189.0,205945,1,3.86,205945.0,Medio,35-44
29,Femenino,Sur,App,12,5,50503.0,252515,0,4.81,252515.0,Medio,25-34
19,Femenino,Centro,App,26,0,23341.0,0,0,4.45,0.0,Alto,16-24
18,Masculino,Norte,App,30,3,34674.0,104022,2,3.22,104022.0,Alto,16-24
18,Femenino,Norte,Web,12,3,29998.0,89994,1,3.91,89994.0,Medio,16-24
41,Femenino,Centro,App,24,1,14075.0,14075,1,3.73,14075.0,Alto,35-44
44,Masculino,Centro,App,18,1,40035.0,40035,0,5.0,40035.0,Medio,35-44
19,Masculino,Norte,Web,8,0,47865.0,0,0,4.37,0.0,Bajo,16-24
48,Masculino,Centro,App,21,3,53716.0,161148,0,5.0,161148.0,Alto,45-54
32,Masculino,Norte,Web,17,2,57089.0,114178,0,4.44,114178.0,Medio,25-34
39,Femenino,Centro,App,19,1,14565.0,14565,1,3.8,14565.0,Medio,35-44
57,Masculino,Centro,App,8,6,58093.0,348558,0,4.74,293440.875,Bajo,55-64
48,Otro,Sur,Web,10,0,39418.0,0,0,4.84,0.0,Bajo,45-54
34,Femenino,Centro,App,17,1,54306.0,54306,0,3.95,54306.0,Medio,25-34
27,Masculino,Centro,App,29,3,29312.0,87936,0,4.77,87936.0,Alto,25-34
18,Masculino,Norte,App,18,2,26330.0,52660,0,4.56,52660.0,Medio,16-24
29,Masculino,Norte,Web,15,2,19766.0,39532,0,4.73,39532.0,Medio,25-34
35,Masculino,Centro,App,21,6,44561.0,267366,1,4.03,267366.0,Alto,35-44
26,Masculino,Centro,Web,8,3,40073.0,120219,0,4.75,120219.0,Bajo,25-34
36,Femenino,Centro,Web,14,1,21995.0,21995,1,3.28,21995.0,Medio,35-44
38,Femenino,Centro,Web,11,3,9730.0,29190,0,4.37,29190.0,Medio,35-44
35,Masculino,Centro,App,17,4,40232.0,160928,0,4.77,160928.0,Medio,35-44
30,Masculino,Sur,App,17,0,40850.0,0,0,4.71,0.0,Medio,25-34
40,Masculino,Sur,App,17,2,24156.0,48312,1,4.53,48312.0,Medio,35-44
43,Masculino,Norte,App,16,1,22196.0,22196,0,4.53,22196.0,Medio,35-44
24,Masculino,Centro,Web,7,3,41470.0,124410,0,4.54,124410.0,Bajo,16-24
54,Masculino,Norte,Web,10,5,60376.0,301880,0,5.0,293440.875,Bajo,45-54
36,Masculino,Norte,Web,8,4,29460.0,117840,0,5.0,117840.0,Bajo,35-44
38,Masculino,Sur,Web,10,2,25144.0,50288,1,3.97,50288.0,Bajo,35-44
46,Masculino,Norte,Web,17,3,40486.0,121458,1,4.1,121458.0,Medio,45-54
40,Masculino,Centro,Web,10,3,43623.0,130869,0,4.52,130869.0,Bajo,35-44
49,Masculino,Centro,Web,10,5,32978.0,164890,0,5.0,164890.0,Bajo,45-54
41,Femenino,Centro,Web,7,1,60451.0,60451,1,3.97,60451.0,Bajo,35-44
30,Femenino,Centro,Web,6,4,35890.5,181280,0,4.56,181280.0,Bajo,25-34
42,Femenino,Norte,Web,10,0,31724.0,0,0,4.34,0.0,Bajo,35-44
24,Masculino,Centro,App,21,2,14490.0,28980,0,4.47,28980.0,Alto,16-24
39,Femenino,Centro,App,21,2,51683.0,103366,0,4.53,103366.0,Alto,35-44
37,Femenino,Norte,App,16,1,49853.0,49853,0,4.91,49853.0,Medio,35-44
35,Masculino,Centro,Web,5,4,31616.0,126464,1,4.53,126464.0,Bajo,35-44
36,Femenino,Norte,Web,13,5,39606.0,198030,0,4.95,198030.0,Medio,35-44
18,Masculino,Norte,App,17,2,30894.0,61788,0,5.0,61788.0,Medio,16-24
31,Femenino,Centro,Web,14,4,40897.0,163588,1,3.72,163588.0,Medio,25-34
39,Femenino,Norte,Web,14,4,23550.0,94200,0,4.87,94200.0,Medio,35-44
39,Masculino,Centro,Web,7,2,21839.0,43678,0,4.34,43678.0,Bajo,35-44
25,Femenino,Centro,Web,10,2,43480.0,86960,0,4.57,86960.0,Bajo,25-34
53,Femenino,Sur,Web,7,3,49201.0,147603,0,4.32,147603.0,Bajo,45-54
27,Masculino,Norte,Web,12,3,28160.0,84480,1,4.01,84480.0,Medio,25-34
49,Masculino,Norte,App,26,3,28360.0,85080,1,3.84,85080.0,Alto,45-54
43,Femenino,Norte,Web,7,4,50220.0,200880,0,4.1,200880.0,Bajo,35-44
30,Masculino,Centro,Web,12,5,25916.0,129580,0,4.44,129580.0,Medio,25-34
59,Femenino,Centro,App,15,4,39514.0,158056,0,5.0,158056.0,Medio,55-64
23,Femenino,Norte,Web,11,4,32593.0,130372,1,3.94,130372.0,Medio,16-24
49,Masculino,Sur,Web,6,2,19747.0,39494,0,4.98,39494.0,Bajo,45-54
50,Masculino,Norte,App,21,2,39805.0,79610,0,4.79,79610.0,Alto,45-54
29,Masculino,Centro,Web,7,5,35482.0,177410,0,4.59,177410.0,Bajo,25-34
54,Masculino,Centro,Web,11,2,42422.0,84844,0,4.77,84844.0,Medio,45-54
34,Otro,Sur,Web,10,1,36998.0,36998,0,4.74,36998.0,Bajo,25-34
41,Masculino,Centro,Web,8,2,61778.0,123556,0,4.38,123556.0,Bajo,35-44
41,Femenino,Sur,Web,7,4,50090.0,200360,1,4.13,200360.0,Bajo,35-44
36,Masculino,Centro,App,13,2,35865.0,71730,0,5.0,71730.0,Medio,35-44
47,Femenino,Sur,Web,9,4,38612.0,154448,1,3.88,154448.0,Bajo,45-54
47,Femenino,Norte,Web,9,1,58213.0,58213,0,4.58,58213.0,Bajo,45-54
18,Femenino,Sur,Web,10,3,43057.0,129171,0,4.37,129171.0,Bajo,16-24
53,Femenino,Centro,Web,10,5,23201.0,116005,1,4.49,116005.0,Bajo,45-54
18,Otro,Sur,App,21,4,44087.0,176348,0,4.45,176348.0,Alto,16-24
50,Masculino,Centro,Web,10,1,52413.0,52413,1,4.15,52413.0,Bajo,45-54
51,Masculino,Centro,Web,15,2,57062.0,114124,1,3.9,114124.0,Medio,45-54
24,Femenino,Centro,Web,10,2,28782.0,57564,0,4.55,57564.0,Bajo,16-24
33,Femenino,Centro,Web,10,7,29256.0,204792,0,4.53,204792.0,Bajo,25-34
24,Femenino,Norte,Web,11,2,22298.0,44596,0,4.33,44596.0,Medio,16-24
35,Femenino,Norte,App,18,3,38947.0,116841,0,4.9,116841.0,Medio,35-44
34,Masculino,Norte,Web,4,3,43894.0,131682,0,4.37,131682.0,Bajo,25-34
47,Masculino,Norte,Web,14,6,30890.0,185340,1,4.07,185340.0,Medio,45-54
53,Masculino,Sur,Web,7,2,36248.0,72496,0,4.79,72496.0,Bajo,45-54
54,Femenino,Norte,App,22,2,13455.0,26910,0,5.0,26910.0,Alto,45-54
31,Masculino,Sur,Web,11,2,52763.0,105526,0,4.47,105526.0,Medio,25-34
35,Masculino,Centro,App,7,1,16470.0,16470,2,3.4,16470.0,Bajo,35-44
18,Masculino,Norte,App,23,3,37197.0,111591,0,4.55,111591.0,Alto,16-24
28,Masculino,Sur,App,23,5,37059.0,185295,0,5.0,185295.0,Alto,25-34
49,Femenino,Centro,Web,9,4,35890.5,151596,0,4.26,151596.0,Bajo,45-54
57,Femenino,Centro,Web,9,4,39375.0,945000,1,4.71,293440.875,Bajo,55-64
23,Femenino,Centro,App,19,3,21308.0,63924,2,2.98,63924.0,Medio,16-24
30,Masculino,Centro,App,16,2,30563.0,61126,0,4.72,61126.0,Medio,25-34
37,Femenino,Norte,App,16,4,47177.0,188708,1,3.7,188708.0,Medio,35-44
41,Femenino,Sur,Web,11,3,51331.0,153993,0,4.23,153993.0,Medio,35-44
28,Femenino,Sur,Web,8,3,29149.0,87447,1,3.68,87447.0,Bajo,25-34
43,Femenino,Centro,Web,10,1,17724.0,17724,0,4.61,17724.0,Bajo,35-44
32,Masculino,Norte,App,21,4,25455.0,101820,0,4.71,101820.0,Alto,25-34
37,Masculino,Centro,Web,15,3,57782.0,173346,0,5.0,173346.0,Medio,35-44
44,Femenino,Norte,Web,10,1,27970.0,27970,0,4.78,27970.0,Bajo,35-44
38,Femenino,Norte,App,16,1,34533.0,34533,1,3.95,34533.0,Medio,35-44
32,Masculino,Centro,Web,11,1,51790.0,51790,0,4.78,51790.0,Medio,25-34
36,Femenino,Centro,App,11,2,29077.0,58154,2,2.55,58154.0,Medio,35-44
36,Femenino,Sur,Web,18,3,33413.0,100239,0,4.18,100239.0,Medio,35-44
33,Femenino,Centro,Web,11,3,44483.0,133449,0,4.22,133449.0,Medio,25-34
34,Femenino,Centro,Web,11,3,55641.0,166923,0,4.56,166923.0,Medio,25-34
57,Masculino,Centro,App,19,1,30803.0,30803,0,4.22,30803.0,Medio,55-64
44,Masculino,Centro,Web,9,3,53305.0,159915,1,3.71,159915.0,Bajo,35-44
34,Femenino,Centro,Web,11,2,31721.0,63442,0,4.26,63442.0,Medio,25-34
46,Femenino,Sur,App,15,1,26268.0,26268,0,4.88,26268.0,Medio,45-54
33,Masculino,Norte,Web,12,1,37944.0,37944,0,4.8,37944.0,Medio,25-34
52,Masculino,Sur,Web,7,1,23909.0,23909,0,4.67,23909.0,Bajo,45-54
42,Masculino,Centro,Web,10,4,41964.0,167856,2,2.54,167856.0,Bajo,35-44
36,Masculino,Centro,Web,11,3,73195.0,219585,0,4.61,219585.0,Medio,35-44
43,Femenino,Centro,App,16,2,49717.0,99434,1,4.01,99434.0,Medio,35-44
19,Femenino,Centro,Web,7,2,35890.5,63182,0,4.84,63182.0,Bajo,16-24
24,Masculino,Sur,Web,7,3,46226.0,138678,0,4.53,138678.0,Bajo,16-24
23,Femenino,Sur,Web,9,2,22271.0,44542,1,4.15,44542.0,Bajo,16-24
39,Masculino,Centro,App,17,4,35890.5,106740,0,4.74,106740.0,Medio,35-44
58,Masculino,Centro,Web,14,2,37774.0,75548,0,4.7,75548.0,Medio,55-64
64,Masculino,Centro,Web,9,3,40653.0,121959,0,4.6,121959.0,Bajo,55-64
45,Femenino,Sur,Web,12,5,21230.0,106150,0,5.0,106150.0,Medio,45-54
44,Masculino,Norte,Web,16,5,32922.0,164610,1,3.97,164610.0,Medio,35-44
18,Femenino,Centro,Web,8,2,30964.0,61928,0,4.78,61928.0,Bajo,16-24
31,Masculino,Centro,Web,7,1,53153.0,53153,1,3.68,53153.0,Bajo,25-34
28,Masculino,Centro,App,21,1,18679.0,18679,0,4.27,18679.0,Alto,25-34
30,Femenino,Norte,Web,9,4,17867.0,71468,0,4.53,71468.0,Bajo,25-34
35,Otro,Centro,App,20,1,37358.0,37358,0,4.58,37358.0,Medio,35-44
32,Masculino,Sur,App,22,4,48610.0,194440,0,4.72,194440.0,Alto,25-34
18,Femenino,Norte,Web,14,1,39319.0,39319,2,2.77,39319.0,Medio,16-24
46,Femenino,Norte,Web,17,5,40532.0,202660,0,4.74,202660.0,Medio,45-54
25,Femenino,Sur,Web,8,1,30286.0,30286,0,4.98,30286.0,Bajo,25-34
40,Femenino,Norte,App,17,1,44113.0,44113,1,4.53,44113.0,Medio,35-44
62,Femenino,Sur,Web,9,2,49222.0,98444,1,3.37,98444.0,Bajo,55-64
26,Masculino,Centro,Web,7,4,30812.0,123248,0,5.0,123248.0,Bajo,25-34
18,Femenino,Norte,Web,8,0,21316.0,0,1,3.35,0.0,Bajo,16-24
34,Femenino,Sur,App,13,4,23794.0,95176,0,4.56,95176.0,Medio,25-34
51,Masculino,Centro,App,17,0,48194.0,0,0,4.94,0.0,Medio,45-54
61,Femenino,Centro,Web,6,1,20618.0,20618,0,4.79,20618.0,Bajo,55-64
23,Masculino,Centro,App,20,3,35890.5,160722,0,4.59,160722.0,Medio,16-24
43,Femenino,Centro,Web,12,1,30976.0,30976,0,4.74,30976.0,Medio,35-44
32,Femenino,Norte,Web,10,4,38514.0,154056,0,5.0,154056.0,Bajo,25-34
36,Masculino,Centro,App,20,3,43820.0,131460,0,5.0,131460.0,Medio,35-44
69,Masculino,Sur,Web,12,2,32145.0,64290,1,3.84,64290.0,Medio,65-75
19,Masculino,Centro,Web,10,4,27331.0,109324,2,3.31,109324.0,Bajo,16-24
41,Masculino,Centro,Web,12,7,37733.0,264131,1,4.06,264131.0,Medio,35-44
43,Masculino,Centro,App,23,4,26205.0,104820,0,4.71,104820.0,Alto,35-44
51,Femenino,Sur,App,10,4,24838.0,99352,0,4.48,99352.0,Bajo,45-54
39,Femenino,Norte,App,17,3,24116.0,72348,0,4.83,72348.0,Medio,35-44
41,Masculino,Sur,App,14,3,50659.0,151977,0,4.61,151977.0,Medio,35-44
33,Masculino,Centro,Web,10,2,39725.0,79450,0,4.53,79450.0,Bajo,25-34
41,Otro,Norte,Web,8,2,26631.0,53262,0,4.47,53262.0,Bajo,35-44
33,Femenino,Norte,Web,14,3,45423.0,136269,0,4.96,136269.0,Medio,25-34
45,Femenino,Norte,Web,7,3,27896.0,83688,0,4.49,83688.0,Bajo,45-54
33,Masculino,Centro,Web,8,2,11545.0,23090,0,4.44,23090.0,Bajo,25-34
42,Femenino,Centro,App,18,3,44661.0,133983,0,4.94,133983.0,Medio,35-44
37,Masculino,Sur,Web,6,3,55304.0,165912,0,4.64,165912.0,Bajo,35-44
51,Masculino,Centro,Web,16,3,44346.0,133038,0,4.72,133038.0,Medio,45-54
37,Femenino,Norte,Web,10,4,12901.0,51604,0,4.99,51604.0,Bajo,35-44
18,Masculino,Centro,Web,5,3,32417.0,97251,0,4.53,97251.0,Bajo,16-24
53,Masculino,Centro,App,15,8,34655.0,277240,0,4.13,277240.0,Medio,45-54
27,Femenino,Norte,Web,2,3,38588.0,115764,0,4.6,115764.0,Bajo,25-34
30,Masculino,Norte,Web,13,2,24332.0,48664,1,3.43,48664.0,Medio,25-34
30,Masculino,Norte,App,18,4,30498.0,121992,1,3.73,121992.0,Medio,25-34
54,Masculino,Centro,Web,9,0,21059.0,0,0,4.77,0.0,Bajo,45-54
18,Femenino,Centro,Web,13,4,35361.0,141444,0,4.48,141444.0,Medio,16-24
75,Masculino,Centro,Web,9,2,24655.0,49310,1,3.77,49310.0,Bajo,65-75
50,Femenino,Sur,Web,10,1,42749.0,42749,0,4.43,42749.0,Bajo,45-54
40,Femenino,Sur,App,16,2,26993.0,53986,0,4.92,53986.0,Medio,35-44
37,Masculino,Centro,App,18,1,5000.0,5000,0,5.0,5000.0,Medio,35-44
41,Femenino,Sur,Web,6,1,45675.0,45675,0,4.09,45675.0,Bajo,35-44
44,Femenino,Norte,App,15,4,42528.0,170112,1,3.82,170112.0,Medio,35-44
45,Masculino,Norte,Web,5,3,52985.0,158955,1,4.14,158955.0,Bajo,45-54
44,Masculino,Centro,Web,9,2,11518.0,23036,0,4.71,23036.0,Bajo,35-44
39,Masculino,Norte,Web,7,3,27995.0,83985,0,4.36,83985.0,Bajo,35-44
35,Masculino,Centro,Web,5,3,36829.0,110487,0,4.53,110487.0,Bajo,35-44
36,Femenino,Sur,Web,8,3,42260.0,126780,0,4.77,126780.0,Bajo,35-44
35,Femenino,Norte,App,25,5,17695.0,88475,2,2.98,88475.0,Alto,35-44
51,Femenino,Norte,App,11,4,42827.0,171308,0,4.74,171308.0,Medio,45-54
45,Masculino,Centro,Web,18,1,29888.0,29888,0,4.72,29888.0,Medio,45-54
18,Masculino,Sur,Web,9,2,10439.0,20878,1,3.63,20878.0,Bajo,16-24
45,Masculino,Centro,Web,8,3,27741.0,83223,1,4.17,83223.0,Bajo,45-54
40,Masculino,Centro,Web,10,3,42172.0,126516,1,3.76,126516.0,Bajo,35-44
37,Femenino,Norte,Web,14,5,13790.0,68950,0,4.38,68950.0,Medio,35-44
33,Masculino,Norte,Web,11,2,42594.0,85188,0,5.0,85188.0,Medio,25-34
51,Femenino,Sur,App,18,3,41050.0,123150,0,4.73,123150.0,Medio,45-54
49,Masculino,Sur,Web,11,4,34303.0,137212,0,3.96,137212.0,Medio,45-54
28,Femenino,Norte,Web,13,2,14577.0,29154,2,3.42,29154.0,Medio,25-34
42,Masculino,Sur,Web,9,2,17640.0,35280,0,5.0,35280.0,Bajo,35-44
26,Femenino,Centro,Web,9,1,29118.0,29118,1,3.97,29118.0,Bajo,25-34
21,Femenino,Sur,Web,10,3,19650.0,58950,0,4.79,58950.0,Bajo,16-24
30,Femenino,Centro,App,19,4,30494.0,121976,1,4.5,121976.0,Medio,25-34
48,Masculino,Centro,Web,13,6,48074.0,288444,0,4.45,288444.0,Medio,45-54
49,Masculino,Centro,App,14,2,34073.0,68146,2,3.18,68146.0,Medio,45-54
44,Femenino,Centro,Web,7,5,32994.0,164970,0,5.0,164970.0,Bajo,35-44
46,Femenino,Norte,Web,11,4,33304.0,133216,0,5.0,133216.0,Medio,45-54
44,Masculino,Norte,Web,6,7,48760.0,341320,1,3.81,293440.875,Bajo,35-44
30,Femenino,Centro,App,24,4,50020.0,200080,0,5.0,200080.0,Alto,25-34
43,Masculino,Centro,Web,12,3,41513.0,124539,0,4.96,124539.0,Medio,35-44
47,Masculino,Norte,App,11,2,38689.0,77378,2,3.58,77378.0,Medio,45-54
47,Femenino,Centro,Web,9,5,39804.0,199020,0,4.97,199020.0,Bajo,45-54
52,Femenino,Sur,App,28,6,54935.0,329610,0,4.85,293440.875,Alto,45-54
46,Otro,Norte,Web,8,2,42615.0,85230,0,5.0,85230.0,Bajo,45-54
42,Femenino,Centro,App,20,2,54569.0,109138,1,3.75,109138.0,Medio,35-44
50,Femenino,Centro,Web,12,2,32470.0,64940,0,5.0,64940.0,Medio,45-54
37,Masculino,Sur,App,16,1,19523.0,19523,0,5.0,19523.0,Medio,35-44
27,Masculino,Norte,Web,10,4,26021.0,104084,0,5.0,104084.0,Bajo,25-34
36,Otro,Centro,Web,7,5,28646.0,143230,0,4.66,143230.0,Bajo,35-44
29,Masculino,Sur,Web,9,5,53604.0,268020,0,4.72,268020.0,Bajo,25-34
29,Femenino,Sur,App,20,5,43186.0,215930,0,4.26,215930.0,Medio,25-34
36,Femenino,Centro,Web,11,3,27750.0,83250,0,4.54,83250.0,Medio,35-44
28,Masculino,Centro,App,20,5,43900.0,219500,0,4.83,219500.0,Medio,25-34
34,Masculino,Centro,Web,11,3,33545.0,100635,0,4.24,100635.0,Medio,25-34
18,Femenino,Sur,Web,7,0,52314.0,0,0,4.5,0.0,Bajo,16-24
40,Masculino,Centro,Web,10,2,31995.0,63990,0,5.0,63990.0,Bajo,35-44
38,Femenino,Norte,App,10,2,17233.0,34466,0,4.53,34466.0,Bajo,35-44
28,Masculino,Sur,App,16,3,31958.0,95874,0,4.95,95874.0,Medio,25-34
45,Femenino,Centro,App,18,3,32752.0,98256,0,4.89,98256.0,Medio,45-54
49,Femenino,Centro,Web,8,4,21231.0,84924,0,4.65,84924.0,Bajo,45-54
18,Femenino,Norte,App,14,4,39730.0,158920,0,4.53,158920.0,Medio,16-24
28,Femenino,Centro,App,21,3,51296.0,153888,0,4.69,153888.0,Alto,25-34
28,Femenino,Centro,Web,9,2,35890.5,41460,0,4.02,41460.0,Bajo,25-34
26,Masculino,Centro,App,22,2,45572.0,91144,0,4.91,91144.0,Alto,25-34
47,Masculino,Norte,App,10,4,29770.0,119080,0,4.7,119080.0,Bajo,45-54
35,Masculino,Centro,App,15,3,34953.0,104859,1,4.17,104859.0,Medio,35-44
34,Otro,Sur,App,23,0,33542.0,0,0,4.79,0.0,Alto,25-34
18,Femenino,Norte,Web,12,4,32403.0,129612,0,4.54,129612.0,Medio,16-24
45,Femenino,Sur,Web,4,3,42426.0,127278,0,4.78,127278.0,Bajo,45-54
23,Masculino,Centro,App,16,2,21159.0,42318,0,4.68,42318.0,Medio,16-24
38,Femenino,Sur,Web,13,1,51219.0,51219,0,5.0,51219.0,Medio,35-44
41,Otro,Sur,App,22,3,42192.0,126576,0,4.72,126576.0,Alto,35-44
54,Femenino,Centro,App,17,3,48126.0,144378,1,4.06,144378.0,Medio,45-54
22,Otro,Centro,App,14,2,23939.0,47878,0,4.23,47878.0,Medio,16-24
18,Femenino,Sur,App,19,1,19322.0,19322,0,4.58,19322.0,Medio,16-24
40,Masculino,Centro,Web,11,3,50192.0,150576,0,4.53,150576.0,Medio,35-44
59,Masculino,Centro,Web,10,5,24957.0,124785,0,4.92,124785.0,Bajo,55-64
52,Otro,Centro,Web,11,4,39591.0,158364,0,4.44,158364.0,Medio,45-54
40,Femenino,Sur,Web,10,3,48227.0,144681,0,4.41,144681.0,Bajo,35-44
32,Masculino,Sur,Web,7,4,33278.0,133112,0,4.44,133112.0,Bajo,25-34
47,Otro,Sur,Web,8,6,51090.0,306540,0,5.0,293440.875,Bajo,45-54
37,Masculino,Centro,App,18,4,30641.0,122564,1,4.09,122564.0,Medio,35-44
43,Masculino,Sur,App,15,2,21120.0,42240,0,3.68,42240.0,Medio,35-44
44,Masculino,Norte,Web,14,2,41090.0,82180,1,3.9,82180.0,Medio,35-44
50,Femenino,Centro,Web,14,2,39879.0,79758,0,4.79,79758.0,Medio,45-54
71,Masculino,Norte,App,20,2,72905.0,145810,0,4.57,145810.0,Medio,65-75
42,Masculino,Centro,Web,10,2,24958.0,49916,1,3.79,49916.0,Bajo,35-44
31,Masculino,Centro,Web,11,2,31627.0,63254,0,5.0,63254.0,Medio,25-34
37,Femenino,Centro,Web,9,2,26779.0,53558,1,4.01,53558.0,Bajo,35-44
18,Femenino,Centro,Web,10,1,30990.0,30990,1,3.64,30990.0,Bajo,16-24
29,Masculino,Centro,Web,6,2,32156.0,64312,0,4.59,64312.0,Bajo,25-34
33,Masculino,Centro,App,13,1,24482.0,24482,0,4.6,24482.0,Medio,25-34
31,Femenino,Norte,Web,10,4,40268.0,161072,0,4.74,161072.0,Bajo,25-34
39,Masculino,Centro,Web,5,1,33280.0,33280,1,3.47,33280.0,Bajo,35-44
28,Femenino,Norte,Web,11,4,50345.0,201380,1,3.64,201380.0,Medio,25-34
51,Femenino,Norte,Web,5,2,29867.0,59734,0,5.0,59734.0,Bajo,45-54
38,Femenino,Centro,App,15,1,58036.0,58036,0,4.67,58036.0,Medio,35-44
37,Femenino,Centro,App,15,4,38860.0,155440,0,4.43,155440.0,Medio,35-44
34,Masculino,Centro,App,27,4,50356.0,201424,0,4.43,201424.0,Alto,25-34
39,Femenino,Centro,Web,8,4,37235.0,148940,0,4.91,148940.0,Bajo,35-44
47,Otro,Centro,App,15,2,27682.0,55364,0,4.58,55364.0,Medio,45-54
27,Otro,Sur,App,26,2,30887.0,61774,0,4.79,61774.0,Alto,25-34
30,Masculino,Centro,App,21,2,17858.0,35716,0,4.46,35716.0,Alto,25-34
34,Masculino,Centro,Web,21,2,33761.0,67522,1,3.53,67522.0,Alto,25-34
21,Femenino,Norte,Web,13,2,35215.0,70430,1,3.88,70430.0,Medio,16-24
28,Masculino,Centro,Web,11,5,34748.0,173740,1,3.81,173740.0,Medio,25-34
32,Masculino,Centro,App,25,1,50761.0,304566,1,4.07,293440.875,Alto,25-34
48,Femenino,Centro,Web,13,1,35890.5,35410,0,5.0,35410.0,Medio,45-54
41,Masculino,Centro,Web,10,5,13422.0,67110,0,4.6,67110.0,Bajo,35-44
40,Masculino,Centro,App,17,3,78528.0,235584,0,4.8,235584.0,Medio,35-44
48,Masculino,Centro,App,26,2,28912.0,57824,1,3.82,57824.0,Alto,45-54
36,Masculino,Sur,App,15,4,47024.0,188096,1,4.07,188096.0,Medio,35-44
42,Masculino,Sur,Web,9,2,18249.0,218988,0,4.78,218988.0,Bajo,35-44
36,Femenino,Centro,App,16,3,38342.0,115026,1,3.69,115026.0,Medio,35-44
41,Masculino,Sur,Web,12,3,35890.5,79845,0,4.49,79845.0,Medio,35-44
31,Masculino,Norte,Web,8,4,35890.5,120000,0,4.74,120000.0,Bajo,25-34
18,Femenino,Norte,Web,6,4,29306.0,117224,0,4.94,117224.0,Bajo,16-24
36,Femenino,Norte,Web,9,2,34799.0,417588,0,4.95,293440.875,Bajo,35-44
55,Femenino,Centro,Web,13,2,35623.0,71246,0,4.49,71246.0,Medio,55-64
49,Masculino,Sur,App,17,1,40267.0,40267,0,4.49,40267.0,Medio,45-54
49,Otro,Norte,Web,14,6,34115.0,204690,0,4.54,204690.0,Medio,45-54
52,Femenino,Sur,App,19,4,38629.0,154516,0,4.58,154516.0,Medio,45-54
39,Masculino,Norte,Web,13,3,37891.0,113673,0,4.15,113673.0,Medio,35-44
40,Femenino,Sur,Web,9,2,35577.0,71154,0,4.94,71154.0,Bajo,35-44
30,Otro,Centro,Web,10,2,32450.0,64900,0,4.51,64900.0,Bajo,25-34
34,Masculino,Norte,Web,13,2,24376.0,48752,0,4.81,48752.0,Medio,25-34
45,Masculino,Centro,Web,7,5,43883.0,219415,0,4.63,219415.0,Bajo,45-54
52,Femenino,Centro,Web,7,1,34404.0,34404,1,3.95,34404.0,Bajo,45-54
36,Femenino,Centro,Web,11,3,31034.0,93102,0,4.47,93102.0,Medio,35-44
32,Femenino,Centro,Web,11,1,40947.0,40947,0,4.65,40947.0,Medio,25-34
38,Femenino,Sur,Web,8,1,38243.0,38243,1,3.63,38243.0,Bajo,35-44
45,Masculino,Centro,App,19,7,28371.0,198597,1,3.92,198597.0,Medio,45-54
37,Masculino,Centro,Web,11,6,48007.0,288042,1,4.24,288042.0,Medio,35-44
18,Otro,Centro,App,21,1,18429.0,18429,0,4.75,18429.0,Alto,16-24
31,Otro,Centro,App,14,5,22272.0,111360,0,4.74,111360.0,Medio,25-34
23,Masculino,Centro,App,12,3,41470.0,124410,0,4.22,124410.0,Medio,16-24
31,Masculino,Centro,App,20,2,55663.0,111326,0,4.83,111326.0,Medio,25-34
36,Masculino,Norte,Web,18,3,28471.0,85413,1,4.08,85413.0,Medio,35-44
32,Masculino,Norte,App,13,3,39753.0,119259,0,4.74,119259.0,Medio,25-34
55,Femenino,Centro,App,22,4,23941.0,95764,0,4.84,95764.0,Alto,55-64
41,Femenino,Norte,Web,11,6,25002.0,150012,0,4.66,150012.0,Medio,35-44
41,Femenino,Centro,Web,14,3,49736.0,149208,0,4.9,149208.0,Medio,35-44
45,Masculino,Centro,Web,11,3,41139.0,123417,0,5.0,123417.0,Medio,45-54
24,Masculino,Norte,App,28,5,47558.0,237790,1,3.92,237790.0,Alto,16-24
50,Femenino,Centro,App,19,0,50535.0,0,1,3.66,0.0,Medio,45-54
37,Masculino,Centro,Web,12,5,10475.0,52375,1,3.62,52375.0,Medio,35-44
46,Masculino,Sur,Web,7,2,22548.0,45096,0,4.95,45096.0,Bajo,45-54
25,Femenino,Centro,Web,15,1,37043.0,37043,0,4.34,37043.0,Medio,25-34
19,Femenino,Sur,Web,6,4,12484.0,49936,0,4.66,49936.0,Bajo,16-24
47,Masculino,Centro,App,18,4,24398.0,97592,0,4.63,97592.0,Medio,45-54
42,Masculino,Norte,Web,6,5,53423.0,267115,1,3.59,267115.0,Bajo,35-44
27,Masculino,Centro,Web,7,2,27551.0,55102,0,4.88,55102.0,Bajo,25-34
27,Masculino,Sur,Web,12,2,42573.0,85146,1,4.05,85146.0,Medio,25-34
51,Masculino,Centro,App,21,4,37311.0,149244,0,4.53,149244.0,Alto,45-54
23,Masculino,Sur,Web,9,4,25290.0,101160,0,4.76,101160.0,Bajo,16-24
57,Masculino,Sur,App,15,3,18579.0,55737,0,4.89,55737.0,Medio,55-64
27,Masculino,Norte,Web,11,1,36849.0,36849,0,4.89,36849.0,Medio,25-34
45,Femenino,Norte,Web,15,1,54205.0,54205,0,4.78,54205.0,Medio,45-54
34,Femenino,Centro,Web,15,1,27281.0,27281,0,5.0,27281.0,Medio,25-34
45,Femenino,Centro,Web,12,1,37573.0,37573,0,4.69,37573.0,Medio,45-54
31,Masculino,Sur,Web,7,4,16412.0,65648,1,3.77,65648.0,Bajo,25-34
36,Masculino,Sur,App,11,3,27333.0,81999,0,4.39,81999.0,Medio,35-44
38,Masculino,Centro,App,12,4,39790.0,159160,1,3.61,159160.0,Medio,35-44
25,Femenino,Norte,App,22,3,42674.0,128022,0,4.32,128022.0,Alto,25-34
46,Femenino,Sur,Web,6,3,43571.0,130713,0,4.8,130713.0,Bajo,45-54
31,Femenino,Centro,App,14,3,10271.0,30813,1,3.77,30813.0,Medio,25-34
35,Femenino,Sur,Web,13,0,29766.0,0,2,3.17,0.0,Medio,35-44
26,Masculino,Centro,Web,11,6,35890.5,133752,0,4.27,133752.0,Medio,25-34
18,Femenino,Centro,Web,12,4,28991.0,115964,0,4.33,115964.0,Medio,16-24
35,Femenino,Norte,Web,11,1,33915.0,203490,0,4.41,203490.0,Medio,35-44
66,Masculino,Centro,App,24,6,52696.0,316176,0,5.0,293440.875,Alto,65-75
47,Femenino,Centro,Web,6,1,40592.0,40592,0,4.69,40592.0,Bajo,45-54
37,Masculino,Centro,Web,15,3,52563.0,157689,1,3.87,157689.0,Medio,35-44
34,Masculino,Norte,App,20,6,26705.0,160230,0,4.53,160230.0,Medio,25-34
38,Femenino,Centro,Web,9,3,18695.0,336510,0,5.0,293440.875,Bajo,35-44
44,Masculino,Sur,Web,16,1,54062.0,54062,0,4.24,54062.0,Medio,35-44
23,Masculino,Norte,Web,14,4,38651.0,154604,0,4.6,154604.0,Medio,16-24
51,Masculino,Norte,App,15,1,35890.5,28730,0,4.27,28730.0,Medio,45-54
46,Femenino,Norte,App,15,4,42153.0,168612,0,4.02,168612.0,Medio,45-54
46,Masculino,Centro,Web,11,5,46923.0,234615,1,3.71,234615.0,Medio,45-54
43,Masculino,Centro,Web,7,1,37880.0,37880,0,4.84,37880.0,Bajo,35-44
38,Femenino,Centro,Web,11,2,26951.0,53902,0,4.45,53902.0,Medio,35-44
46,Femenino,Norte,App,23,5,31604.0,158020,1,4.05,158020.0,Alto,45-54
45,Otro,Centro,Web,11,9,40237.0,362133,0,4.76,293440.875,Medio,45-54
33,Masculino,Centro,Web,11,5,37336.0,186680,0,4.62,186680.0,Medio,25-34
31,Femenino,Centro,Web,8,4,49197.0,196788,0,5.0,196788.0,Bajo,25-34
39,Masculino,Sur,Web,8,4,32539.0,130156,0,4.52,130156.0,Bajo,35-44
56,Femenino,Norte,Web,10,4,26834.0,107336,0,4.89,107336.0,Bajo,55-64
23,Femenino,Centro,App,29,3,64374.0,193122,0,4.07,193122.0,Alto,16-24
20,Femenino,Centro,Web,8,2,35093.0,70186,1,3.83,70186.0,Bajo,16-24
39,Femenino,Centro,Web,8,2,45861.0,91722,1,3.82,91722.0,Bajo,35-44
38,Femenino,Centro,App,16,7,41962.0,293734,0,4.34,293440.875,Medio,35-44
40,Femenino,Centro,App,20,4,38238.0,152952,0,4.82,152952.0,Medio,35-44
40,Masculino,Sur,Web,13,3,33267.0,99801,0,4.48,99801.0,Medio,35-44
35,Femenino,Norte,Web,4,1,5000.0,5000,0,5.0,5000.0,Bajo,35-44
55,Femenino,Norte,Web,6,1,25491.0,25491,0,4.04,25491.0,Bajo,55-64
18,Masculino,Centro,App,26,2,36649.0,73298,0,4.66,73298.0,Alto,16-24
28,Femenino,Centro,Web,14,2,5000.0,10000,0,4.65,10000.0,Medio,25-34
36,Masculino,Centro,App,21,4,36259.0,145036,1,3.8,145036.0,Alto,35-44
18,Femenino,Norte,App,13,3,40634.0,121902,0,4.43,121902.0,Medio,16-24
35,Femenino,Norte,Web,11,4,45249.0,180996,1,3.9,180996.0,Medio,35-44
57,Femenino,Sur,Web,9,6,45727.0,274362,1,4.3,274362.0,Bajo,55-64
38,Femenino,Norte,Web,13,2,47200.0,94400,0,4.19,94400.0,Medio,35-44
40,Femenino,Centro,Web,13,5,55267.0,276335,1,3.66,276335.0,Medio,35-44
22,Femenino,Norte,Web,14,1,46453.0,46453,1,3.49,46453.0,Medio,16-24
30,Femenino,Centro,App,19,4,36861.0,147444,0,4.32,147444.0,Medio,25-34
33,Femenino,Norte,App,17,2,33334.0,66668,0,4.77,66668.0,Medio,25-34
34,Femenino,Centro,Web,5,5,35890.5,182375,0,4.85,182375.0,Bajo,25-34
53,Femenino,Norte,App,24,2,34644.0,69288,1,4.28,69288.0,Alto,45-54
44,Femenino,Sur,Web,7,4,50010.0,200040,0,4.9,200040.0,Bajo,35-44
24,Masculino,Norte,Web,8,2,40465.0,80930,0,4.83,80930.0,Bajo,16-24
40,Masculino,Centro,Web,9,6,31427.0,188562,0,4.28,188562.0,Bajo,35-44
43,Femenino,Sur,App,13,2,52339.0,104678,0,5.0,104678.0,Medio,35-44
51,Masculino,Centro,App,17,0,34147.0,0,0,4.69,0.0,Medio,45-54
56,Masculino,Centro,App,21,2,27050.0,54100,1,4.29,54100.0,Alto,55-64
25,Femenino,Centro,Web,12,3,33621.0,100863,0,4.21,100863.0,Medio,25-34
28,Masculino,Centro,Web,13,2,24310.0,48620,1,3.77,48620.0,Medio,25-34
22,Masculino,Centro,Web,7,4,44534.0,178136,0,4.89,178136.0,Bajo,16-24
35,Femenino,Sur,Web,11,2,25104.0,50208,0,4.68,50208.0,Medio,35-44
43,Femenino,Centro,App,17,2,35065.0,70130,0,4.49,70130.0,Medio,35-44
49,Masculino,Centro,App,23,4,48626.0,194504,1,4.53,194504.0,Alto,45-54
37,Masculino,Centro,App,17,1,27003.0,27003,1,3.53,27003.0,Medio,35-44
34,Femenino,Centro,Web,7,1,40033.0,40033,0,4.66,40033.0,Bajo,25-34
39,Femenino,Norte,Web,10,4,24169.0,96676,0,4.89,96676.0,Bajo,35-44
27,Femenino,Centro,Web,13,3,36982.0,110946,0,5.0,110946.0,Medio,25-34
63,Masculino,Sur,Web,12,8,46256.0,370048,1,3.88,293440.875,Medio,55-64
18,Masculino,Norte,Web,10,1,32194.0,32194,0,4.51,32194.0,Bajo,16-24
40,Femenino,Centro,App,17,4,36402.0,145608,0,4.57,145608.0,Medio,35-44
62,Femenino,Norte,App,25,2,35890.5,89254,1,4.08,89254.0,Alto,55-64
38,Masculino,Centro,Web,17,2,32333.0,64666,0,4.53,64666.0,Medio,35-44
35,Femenino,Norte,Web,11,3,45924.0,137772,1,4.53,137772.0,Medio,35-44
33,Femenino,Centro,Web,6,4,51403.0,205612,0,4.89,205612.0,Bajo,25-34
35,Masculino,Sur,Web,5,3,35890.5,72420,0,4.53,72420.0,Bajo,35-44
54,Masculino,Centro,App,17,4,59304.0,237216,0,5.0,237216.0,Medio,45-54
18,Masculino,Centro,Web,7,5,29058.0,145290,0,4.62,145290.0,Bajo,16-24
56,Masculino,Sur,Web,9,5,62332.0,311660,0,5.0,293440.875,Bajo,55-64
20,Femenino,Sur,Web,12,2,29520.0,59040,0,4.84,59040.0,Medio,16-24
34,Femenino,Norte,App,18,5,43588.0,217940,0,5.0,217940.0,Medio,25-34
32,Masculino,Centro,Web,8,3,43224.0,129672,0,4.55,129672.0,Bajo,25-34
45,Femenino,Norte,Web,6,5,32102.0,160510,0,4.56,160510.0,Bajo,45-54
18,Femenino,Sur,Web,7,3,33571.0,100713,1,3.92,100713.0,Bajo,16-24
43,Femenino,Sur,App,22,6,53728.0,322368,0,5.0,293440.875,Alto,35-44
62,Femenino,Centro,App,19,1,35433.0,35433,0,4.83,35433.0,Medio,55-64
21,Femenino,Sur,Web,4,1,28139.0,28139,0,4.98,28139.0,Bajo,16-24
40,Femenino,Centro,App,17,4,22158.0,88632,0,4.91,88632.0,Medio,35-44
30,Femenino,Centro,App,20,3,53310.0,159930,1,3.79,159930.0,Medio,25-34
43,Femenino,Norte,App,14,7,30680.0,214760,1,4.08,214760.0,Medio,35-44
38,Masculino,Sur,App,17,2,50099.0,100198,0,4.56,100198.0,Medio,35-44
30,Masculino,Norte,App,30,0,35890.5,0,1,3.92,0.0,Alto,25-34
43,Masculino,Sur,Web,8,2,50473.0,100946,1,3.59,100946.0,Bajo,35-44
59,Masculino,Sur,App,20,3,48529.0,145587,1,4.53,145587.0,Medio,55-64
35,Masculino,Centro,Web,6,2,32508.0,65016,0,4.97,65016.0,Bajo,35-44
46,Femenino,Norte,App,22,3,28088.0,84264,0,4.96,84264.0,Alto,45-54
22,Masculino,Centro,Web,8,3,25463.0,76389,0,4.8,76389.0,Bajo,16-24
26,Masculino,Centro,App,17,1,25910.0,25910,0,4.72,25910.0,Medio,25-34
43,Masculino,Centro,App,17,4,49232.0,196928,0,4.76,196928.0,Medio,35-44
55,Femenino,Norte,Web,10,4,40172.0,160688,0,4.39,160688.0,Bajo,55-64
42,Femenino,Sur,App,25,4,22918.0,91672,0,4.65,91672.0,Alto,35-44
34,Femenino,Centro,Web,13,3,32074.0,96222,0,4.72,96222.0,Medio,25-34
37,Femenino,Centro,App,9,2,33977.0,67954,0,4.35,67954.0,Bajo,35-44
22,Masculino,Centro,Web,10,2,7632.0,15264,0,4.08,15264.0,Bajo,16-24
45,Masculino,Centro,Web,11,2,34391.0,68782,1,4.26,68782.0,Medio,45-54
48,Femenino,Centro,App,29,0,45878.0,0,1,3.96,0.0,Alto,45-54
32,Otro,Centro,Web,6,4,33148.0,132592,0,4.72,132592.0,Bajo,25-34
32,Masculino,Sur,App,20,2,37852.0,75704,0,4.83,75704.0,Medio,25-34
41,Femenino,Centro,Web,10,4,41964.0,167856,0,4.41,167856.0,Bajo,35-44
32,Femenino,Sur,Web,10,2,30688.0,61376,0,4.54,61376.0,Bajo,25-34
37,Femenino,Sur,Web,10,7,44319.0,310233,1,4.34,293440.875,Bajo,35-44
63,Femenino,Norte,Web,11,5,56939.0,284695,0,4.67,284695.0,Medio,55-64
35,Femenino,Sur,Web,14,3,16963.0,50889,0,4.6,50889.0,Medio,35-44
33,Femenino,Norte,Web,10,1,30811.0,30811,1,3.66,30811.0,Bajo,25-34
30,Femenino,Sur,Web,11,4,62455.0,249820,0,4.43,249820.0,Medio,25-34
46,Femenino,Centro,Web,9,1,38946.0,38946,0,5.0,38946.0,Bajo,45-54
35,Masculino,Sur,App,12,2,34831.0,69662,0,3.93,69662.0,Medio,35-44
30,Femenino,Sur,App,19,2,31403.0,62806,0,4.51,62806.0,Medio,25-34
53,Masculino,Sur,Web,9,4,53243.0,212972,0,4.83,212972.0,Bajo,45-54
55,Femenino,Sur,App,23,5,26982.0,134910,0,5.0,134910.0,Alto,55-64
30,Otro,Centro,Web,5,2,45614.0,91228,0,4.31,91228.0,Bajo,25-34
18,Femenino,Norte,App,24,2,29378.0,58756,1,3.4,58756.0,Alto,16-24
50,Femenino,Centro,App,21,2,28501.0,57002,0,4.49,57002.0,Alto,45-54
29,Otro,Norte,App,20,3,31576.0,94728,1,4.06,94728.0,Medio,25-34
47,Masculino,Centro,Web,13,4,36493.0,875832,0,4.77,293440.875,Medio,45-54
18,Masculino,Centro,App,20,1,26727.0,26727,0,4.16,26727.0,Medio,16-24
48,Femenino,Sur,Web,6,4,50553.0,202212,0,4.77,202212.0,Bajo,45-54
23,Femenino,Centro,App,19,5,24544.0,122720,0,5.0,122720.0,Medio,16-24
46,Masculino,Sur,Web,9,1,38580.0,38580,0,4.81,38580.0,Bajo,45-54
38,Masculino,Norte,App,21,2,42149.0,84298,0,4.74,84298.0,Alto,35-44
26,Masculino,Sur,App,12,3,35456.0,106368,1,3.9,106368.0,Medio,25-34
33,Masculino,Sur,App,18,1,44216.0,44216,0,4.79,44216.0,Medio,25-34
46,Femenino,Centro,Web,14,3,31697.0,95091,0,4.35,95091.0,Medio,45-54
39,Masculino,Centro,App,18,4,43321.0,173284,1,3.83,173284.0,Medio,35-44
45,Femenino,Sur,Web,9,4,44576.0,178304,0,4.67,178304.0,Bajo,45-54
61,Femenino,Norte,App,18,3,50767.0,152301,0,4.66,152301.0,Medio,55-64
19,Femenino,Centro,Web,7,5,10222.0,51110,0,4.8,51110.0,Bajo,16-24
57,Masculino,Centro,Web,10,1,44658.0,44658,0,4.59,44658.0,Bajo,55-64
39,Femenino,Norte,Web,5,4,46665.0,186660,0,4.59,186660.0,Bajo,35-44
27,Femenino,Centro,Web,17,2,29112.0,58224,0,4.26,58224.0,Medio,25-34
22,Masculino,Norte,Web,6,1,26726.0,26726,0,4.72,26726.0,Bajo,16-24
35,Femenino,Norte,Web,8,4,26833.0,107332,0,4.96,107332.0,Bajo,35-44
49,Masculino,Norte,Web,8,3,24965.0,74895,0,4.64,74895.0,Bajo,45-54
36,Femenino,Sur,App,19,2,43389.0,86778,1,4.12,86778.0,Medio,35-44
56,Masculino,Centro,App,16,2,65782.0,131564,1,3.94,131564.0,Medio,55-64
20,Masculino,Sur,Web,7,1,26327.0,26327,0,3.84,26327.0,Bajo,16-24
37,Femenino,Centro,Web,13,2,29951.0,59902,0,4.67,59902.0,Medio,35-44
22,Femenino,Centro,Web,12,4,33484.0,133936,1,3.76,133936.0,Medio,16-24
42,Femenino,Centro,Web,9,4,17076.0,68304,0,4.74,68304.0,Bajo,35-44
48,Femenino,Centro,App,16,6,28853.0,173118,0,4.82,173118.0,Medio,45-54
32,Otro,Norte,App,14,1,34116.0,34116,0,4.45,34116.0,Medio,25-34
18,Femenino,Centro,Web,7,4,21972.0,87888,1,4.23,87888.0,Bajo,16-24
40,Masculino,Norte,Web,8,0,50369.0,0,0,4.68,0.0,Bajo,35-44
43,Femenino,Centro,Web,6,2,20924.0,41848,2,3.06,41848.0,Bajo,35-44
42,Masculino,Centro,App,18,2,47112.0,565344,0,4.93,293440.875,Medio,35-44
52,Masculino,Norte,App,25,2,55422.0,110844,0,4.77,110844.0,Alto,45-54
25,Masculino,Norte,Web,8,1,38330.0,38330,0,5.0,38330.0,Bajo,25-34
46,Femenino,Sur,Web,8,3,35250.0,105750,0,4.67,105750.0,Bajo,45-54
52,Femenino,Centro,App,9,5,40755.0,203775,1,4.07,203775.0,Bajo,45-54
18,Femenino,Norte,App,18,1,27413.0,27413,1,3.57,27413.0,Medio,16-24
41,Masculino,Sur,Web,6,2,11717.0,23434,0,4.97,23434.0,Bajo,35-44
31,Masculino,Norte,Web,9,5,35890.5,114490,1,3.95,114490.0,Bajo,25-34
37,Otro,Centro,Web,10,2,35415.0,70830,1,3.78,70830.0,Bajo,35-44
42,Femenino,Sur,Web,11,2,25011.0,50022,0,4.45,50022.0,Medio,35-44
32,Masculino,Norte,Web,10,4,29842.0,119368,0,4.27,119368.0,Bajo,25-34
29,Masculino,Norte,Web,13,2,40100.0,80200,0,4.77,80200.0,Medio,25-34
38,Femenino,Norte,Web,10,2,37440.0,74880,0,4.27,74880.0,Bajo,35-44
24,Femenino,Centro,Web,11,3,46301.0,138903,0,5.0,138903.0,Medio,16-24
24,Masculino,Norte,App,9,4,37130.0,148520,0,4.24,148520.0,Bajo,16-24
46,Masculino,Centro,Web,7,4,41135.0,164540,0,4.68,164540.0,Bajo,45-54
24,Masculino,Norte,Web,12,4,25052.0,100208,1,3.56,100208.0,Medio,16-24
45,Femenino,Centro,Web,6,5,20776.0,103880,1,3.93,103880.0,Bajo,45-54
43,Masculino,Sur,Web,6,2,31494.0,62988,0,4.72,62988.0,Bajo,35-44
18,Femenino,Sur,App,15,0,23973.0,0,0,4.72,0.0,Medio,16-24
29,Femenino,Centro,Web,7,3,32348.0,97044,0,4.53,97044.0,Bajo,25-34
52,Femenino,Centro,Web,3,3,25007.0,75021,0,4.53,75021.0,Bajo,45-54
26,Masculino,Centro,App,18,2,44009.0,88018,0,4.92,88018.0,Medio,25-34
32,Masculino,Centro,Web,11,3,26029.0,78087,0,4.86,78087.0,Medio,25-34
43,Masculino,Centro,App,14,5,32084.0,160420,0,3.97,160420.0,Medio,35-44
47,Femenino,Norte,Web,11,1,36807.0,36807,0,4.85,36807.0,Medio,45-54
34,Masculino,Sur,Web,13,2,48578.0,97156,0,4.36,97156.0,Medio,25-34
30,Femenino,Centro,Web,6,4,55604.0,222416,0,4.47,222416.0,Bajo,25-34
55,Masculino,Norte,Web,12,2,60179.0,120358,1,3.91,120358.0,Medio,55-64
58,Femenino,Centro,App,20,0,23318.0,0,1,4.46,0.0,Medio,55-64
49,Femenino,Centro,App,14,5,32872.0,164360,0,4.43,164360.0,Medio,45-54
39,Femenino,Sur,Web,12,0,29089.0,0,0,4.27,0.0,Medio,35-44
28,Femenino,Centro,Web,15,2,35890.5,77286,0,4.78,77286.0,Medio,25-34
28,Masculino,Sur,App,15,3,37911.0,113733,0,4.63,113733.0,Medio,25-34
44,Masculino,Norte,App,17,2,29603.0,59206,0,4.53,59206.0,Medio,35-44
43,Femenino,Centro,Web,10,6,28506.0,171036,0,4.61,171036.0,Bajo,35-44
54,Masculino,Centro,Web,9,5,26130.0,130650,1,4.33,130650.0,Bajo,45-54
45,Femenino,Norte,Web,6,3,5000.0,15000,0,4.73,15000.0,Bajo,45-54
19,Masculino,Centro,App,16,4,17272.0,69088,1,3.95,69088.0,Medio,16-24
50,Masculino,Sur,Web,13,5,47901.0,239505,0,5.0,239505.0,Medio,45-54
26,Masculino,Norte,Web,7,2,51476.0,102952,0,4.58,102952.0,Bajo,25-34
33,Femenino,Centro,App,12,2,51124.0,102248,0,4.98,102248.0,Medio,25-34
41,Masculino,Norte,Web,13,4,47060.0,188240,0,4.52,188240.0,Medio,35-44
61,Masculino,Norte,Web,10,4,27006.0,108024,0,4.87,108024.0,Bajo,55-64
75,Femenino,Norte,Web,9,7,27075.0,189525,0,4.44,189525.0,Bajo,65-75
45,Femenino,Sur,Web,11,6,15017.0,90102,0,4.57,90102.0,Medio,45-54
35,Masculino,Sur,Web,15,4,28251.0,113004,0,4.36,113004.0,Medio,35-44
44,Masculino,Sur,Web,10,3,37645.0,112935,0,4.53,112935.0,Bajo,35-44
48,Masculino,Centro,Web,13,5,25106.0,125530,1,4.46,125530.0,Medio,45-54
34,Masculino,Norte,Web,12,2,40273.0,80546,0,4.56,80546.0,Medio,25-34
59,Masculino,Centro,App,17,6,46672.0,280032,0,4.56,280032.0,Medio,55-64
40,Femenino,Centro,App,16,2,30306.0,60612,0,4.31,60612.0,Medio,35-44
43,Femenino,Sur,Web,9,6,20369.0,122214,1,3.99,122214.0,Bajo,35-44
45,Femenino,Norte,Web,11,3,53321.0,159963,0,4.54,159963.0,Medio,45-54
43,Masculino,Centro,Web,14,2,36871.0,73742,0,4.55,73742.0,Medio,35-44
48,Femenino,Norte,Web,6,5,60494.0,302470,0,5.0,293440.875,Bajo,45-54
30,Masculino,Centro,Web,14,3,35608.0,106824,0,4.56,106824.0,Medio,25-34
31,Masculino,Centro,App,15,2,36596.0,73192,0,4.83,73192.0,Medio,25-34
24,Masculino,Centro,Web,4,2,22026.0,44052,1,3.84,44052.0,Bajo,16-24
43,Femenino,Centro,Web,11,1,31367.0,31367,1,3.51,31367.0,Medio,35-44
47,Masculino,Centro,Web,7,4,18344.0,73376,0,4.18,73376.0,Bajo,45-54
43,Femenino,Centro,App,23,2,20326.0,40652,0,4.86,40652.0,Alto,35-44
58,Masculino,Sur,Web,13,3,47593.0,142779,0,4.53,142779.0,Medio,55-64
37,Femenino,Sur,App,21,2,32158.0,64316,0,4.78,64316.0,Alto,35-44
46,Femenino,Sur,Web,7,3,31828.0,95484,1,4.12,95484.0,Bajo,45-54
24,Masculino,Sur,App,24,2,24714.0,49428,0,4.35,49428.0,Alto,16-24
33,Femenino,Centro,App,30,0,30323.0,0,0,4.97,0.0,Alto,25-34
46,Femenino,Centro,Web,6,2,50496.0,100992,0,5.0,100992.0,Bajo,45-54
48,Masculino,Centro,Web,17,3,38930.0,116790,1,3.73,116790.0,Medio,45-54
34,Masculino,Centro,Web,8,1,20939.0,20939,0,4.83,20939.0,Bajo,25-34
37,Masculino,Sur,Web,12,2,47914.0,95828,0,4.16,95828.0,Medio,35-44
19,Masculino,Norte,App,22,3,53550.0,160650,0,4.81,160650.0,Alto,16-24
33,Masculino,Sur,App,18,1,40886.0,40886,0,4.49,40886.0,Medio,25-34
48,Femenino,Centro,App,16,4,47895.0,191580,1,3.57,191580.0,Medio,45-54
44,Femenino,Centro,App,16,1,51249.0,51249,0,4.84,51249.0,Medio,35-44
44,Femenino,Centro,Web,10,5,16720.0,83600,0,4.19,83600.0,Bajo,35-44
38,Masculino,Sur,Web,9,1,58071.0,58071,0,4.79,58071.0,Bajo,35-44
38,Masculino,Centro,App,20,1,48885.0,48885,1,4.53,48885.0,Medio,35-44
30,Femenino,Centro,Web,8,5,40366.0,201830,0,4.25,201830.0,Bajo,25-34
46,Femenino,Norte,App,21,0,35394.0,0,0,4.75,0.0,Alto,45-54
43,Masculino,Centro,Web,11,2,20403.0,40806,0,4.66,40806.0,Medio,35-44
43,Femenino,Norte,Web,11,2,32473.0,64946,0,5.0,64946.0,Medio,35-44
31,Masculino,Centro,App,19,4,40030.0,160120,0,4.27,160120.0,Medio,25-34
18,Masculino,Centro,Web,5,2,19447.0,38894,1,4.2,38894.0,Bajo,16-24
51,Masculino,Centro,App,27,4,36813.0,147252,0,4.53,147252.0,Alto,45-54
32,Femenino,Norte,App,18,5,35890.5,102985,0,4.94,102985.0,Medio,25-34
27,Masculino,Norte,App,18,2,29434.0,58868,1,4.17,58868.0,Medio,25-34
46,Masculino,Centro,App,14,3,20668.0,62004,0,4.83,62004.0,Medio,45-54
33,Masculino,Norte,Web,6,4,17456.0,69824,0,4.43,69824.0,Bajo,25-34
50,Masculino,Norte,App,17,5,41581.0,207905,0,4.29,207905.0,Medio,45-54
45,Masculino,Norte,Web,7,2,29792.0,59584,0,4.14,59584.0,Bajo,45-54
46,Masculino,Sur,Web,11,4,31070.0,124280,0,5.0,124280.0,Medio,45-54
21,Femenino,Centro,App,17,4,25548.0,102192,1,3.72,102192.0,Medio,16-24
52,Masculino,Centro,Web,11,2,70477.0,140954,1,3.63,140954.0,Medio,45-54
41,Masculino,Centro,Web,10,3,43438.0,130314,0,4.36,130314.0,Bajo,35-44
33,Femenino,Centro,Web,4,0,43526.0,0,0,4.72,0.0,Bajo,25-34
39,Masculino,Sur,Web,7,7,26545.0,185815,0,4.58,185815.0,Bajo,35-44
18,Masculino,Centro,App,17,0,38757.0,0,0,4.01,0.0,Medio,16-24
42,Masculino,Norte,Web,9,0,33567.0,0,0,4.97,0.0,Bajo,35-44
25,Femenino,Norte,App,18,1,24348.0,24348,0,4.73,24348.0,Medio,25-34
21,Femenino,Norte,App,20,1,56299.0,56299,1,4.53,56299.0,Medio,16-24
19,Otro,Centro,App,14,0,39723.0,0,1,4.14,0.0,Medio,16-24
51,Masculino,Sur,Web,11,1,43918.0,43918,0,3.83,43918.0,Medio,45-54
30,Femenino,Centro,App,17,5,22839.0,114195,0,5.0,114195.0,Medio,25-34
56,Masculino,Norte,Web,10,0,23157.0,0,0,5.0,0.0,Bajo,55-64
31,Masculino,Norte,App,15,6,33959.0,203754,2,2.83,203754.0,Medio,25-34
18,Masculino,Sur,Web,5,3,25817.0,77451,0,4.46,77451.0,Bajo,16-24
24,Masculino,Centro,App,21,4,40951.0,163804,0,4.53,163804.0,Alto,16-24
52,Femenino,Sur,App,18,0,45951.0,0,0,4.46,0.0,Medio,45-54
36,Femenino,Centro,Web,9,7,36186.0,253302,1,3.81,253302.0,Bajo,35-44
31,Femenino,Centro,Web,8,4,44582.0,178328,1,4.16,178328.0,Bajo,25-34
39,Masculino,Norte,App,8,0,38169.0,0,0,4.85,0.0,Bajo,35-44
44,Femenino,Norte,Web,14,2,26139.0,52278,1,3.72,52278.0,Medio,35-44
51,Femenino,Centro,App,14,8,35270.0,282160,0,5.0,282160.0,Medio,45-54
55,Femenino,Sur,Web,9,3,39878.0,119634,0,4.87,119634.0,Bajo,55-64
33,Masculino,Centro,Web,13,2,46097.0,92194,1,3.95,92194.0,Medio,25-34
22,Masculino,Centro,App,9,3,35890.5,107997,1,3.66,107997.0,Bajo,16-24
33,Femenino,Norte,App,17,4,28092.0,112368,0,4.66,112368.0,Medio,25-34
41,Femenino,Sur,App,27,1,47744.0,47744,0,4.47,47744.0,Alto,35-44
26,Masculino,Sur,Web,8,5,35890.5,192345,1,3.25,192345.0,Bajo,25-34
26,Femenino,Centro,App,24,1,52448.0,52448,1,3.75,52448.0,Alto,25-34
42,Femenino,Sur,Web,13,5,37347.0,186735,1,3.87,186735.0,Medio,35-44
37,Femenino,Centro,App,19,2,23102.0,46204,0,4.73,46204.0,Medio,35-44
38,Femenino,Centro,App,12,1,49823.0,49823,1,4.25,49823.0,Medio,35-44
28,Femenino,Centro,Web,8,0,27278.0,0,2,2.84,0.0,Bajo,25-34
35,Masculino,Sur,Web,12,2,38795.0,77590,0,4.56,77590.0,Medio,35-44
26,Femenino,Centro,Web,11,1,36128.0,36128,1,4.06,36128.0,Medio,25-34
48,Masculino,Norte,App,30,2,37747.0,75494,0,4.51,75494.0,Alto,45-54
50,Femenino,Centro,Web,4,0,35462.0,0,0,4.8,0.0,Bajo,45-54
18,Masculino,Sur,App,17,3,12874.0,38622,0,4.47,38622.0,Medio,16-24
26,Masculino,Norte,Web,15,6,21874.0,131244,0,4.56,131244.0,Medio,25-34
20,Femenino,Centro,App,19,2,46465.0,92930,0,4.83,92930.0,Medio,16-24
30,Masculino,Centro,App,15,0,39645.0,0,1,3.74,0.0,Medio,25-34
36,Femenino,Centro,Web,17,2,58311.0,116622,0,4.92,116622.0,Medio,35-44
20,Otro,Centro,Web,13,1,20547.0,20547,0,4.01,20547.0,Medio,16-24
26,Femenino,Sur,Web,10,6,33532.0,201192,1,3.4,201192.0,Bajo,25-34
25,Femenino,Norte,App,26,4,47708.0,190832,0,3.93,190832.0,Alto,25-34
40,Femenino,Norte,App,20,1,29210.0,29210,0,4.35,29210.0,Medio,35-44
38,Otro,Norte,Web,10,2,29875.0,59750,0,5.0,59750.0,Bajo,35-44
29,Masculino,Sur,App,18,5,30829.0,154145,0,4.64,154145.0,Medio,25-34
40,Masculino,Centro,Web,11,2,30655.0,61310,0,4.48,61310.0,Medio,35-44
31,Femenino,Centro,Web,11,3,41031.0,123093,1,4.09,123093.0,Medio,25-34
34,Masculino,Sur,App,14,2,13737.0,27474,0,4.95,27474.0,Medio,25-34
58,Femenino,Sur,Web,17,1,58412.0,58412,1,3.62,58412.0,Medio,55-64
54,Masculino,Sur,Web,9,5,35890.5,132920,0,5.0,132920.0,Bajo,45-54
22,Femenino,Sur,Web,11,3,7893.0,23679,0,4.69,23679.0,Medio,16-24
47,Femenino,Centro,Web,9,3,36927.0,110781,0,4.86,110781.0,Bajo,45-54
47,Femenino,Sur,Web,19,2,32521.0,65042,0,4.53,65042.0,Medio,45-54
24,Femenino,Centro,Web,9,5,31464.0,157320,0,4.77,157320.0,Bajo,16-24
47,Masculino,Sur,App,14,3,40800.0,81600,0,4.55,81600.0,Medio,45-54
56,Femenino,Centro,Web,7,2,46138.0,92276,0,5.0,92276.0,Bajo,55-64
24,Masculino,Sur,Web,10,2,53839.0,107678,0,4.53,107678.0,Bajo,16-24
26,Femenino,Centro,Web,5,0,35890.5,0,0,4.92,0.0,Bajo,25-34
50,Masculino,Norte,Web,10,3,46791.0,140373,0,4.61,140373.0,Bajo,45-54
41,Femenino,Centro,App,23,5,44657.0,223285,0,4.51,223285.0,Alto,35-44
44,Femenino,Sur,App,14,2,5000.0,10000,1,4.49,10000.0,Medio,35-44
42,Masculino,Sur,Web,13,2,26301.0,52602,0,4.68,52602.0,Medio,35-44
42,Femenino,Norte,App,16,4,20856.0,83424,0,4.7,83424.0,Medio,35-44
22,Femenino,Norte,Web,10,5,38674.0,193370,0,4.7,193370.0,Bajo,16-24
50,Masculino,Norte,Web,16,4,41553.0,166212,0,5.0,166212.0,Medio,45-54
52,Masculino,Centro,Web,4,2,42095.0,84190,1,4.61,84190.0,Bajo,45-54
35,Femenino,Sur,Web,10,2,31582.0,63164,0,5.0,63164.0,Bajo,35-44
37,Femenino,Norte,Web,7,2,33092.0,66184,0,5.0,66184.0,Bajo,35-44
19,Masculino,Centro,App,30,2,32507.0,65014,1,3.51,65014.0,Alto,16-24
44,Femenino,Sur,Web,10,2,31786.0,63572,0,4.92,63572.0,Bajo,35-44
44,Femenino,Centro,App,19,3,45926.0,826668,0,4.74,293440.875,Medio,35-44
37,Femenino,Centro,Web,6,5,22714.0,113570,0,4.15,113570.0,Bajo,35-44
51,Masculino,Centro,Web,8,3,28268.0,84804,0,4.89,84804.0,Bajo,45-54
33,Masculino,Centro,App,19,3,36405.0,109215,1,3.72,109215.0,Medio,25-34
44,Femenino,Centro,Web,9,5,32184.0,160920,1,4.38,160920.0,Bajo,35-44
25,Femenino,Centro,Web,7,4,20444.0,81776,0,4.51,81776.0,Bajo,25-34
37,Femenino,Centro,App,13,1,41933.0,41933,2,2.95,41933.0,Medio,35-44
35,Masculino,Sur,App,13,2,28382.0,56764,0,5.0,56764.0,Medio,35-44
40,Femenino,Centro,App,21,1,25863.0,25863,0,4.68,25863.0,Alto,35-44
33,Femenino,Sur,App,16,5,35890.5,164285,1,4.21,164285.0,Medio,25-34
36,Masculino,Norte,App,19,0,24681.0,0,0,4.81,0.0,Medio,35-44
47,Femenino,Centro,App,11,5,36639.0,183195,0,4.87,183195.0,Medio,45-54
32,Masculino,Norte,Web,15,4,30483.0,121932,0,4.59,121932.0,Medio,25-34
18,Femenino,Norte,Web,9,3,26549.0,79647,0,4.74,79647.0,Bajo,16-24
58,Femenino,Centro,Web,12,3,35890.5,97869,1,3.95,97869.0,Medio,55-64
54,Femenino,Sur,Web,12,3,50047.0,150141,0,4.53,150141.0,Medio,45-54
22,Masculino,Norte,App,18,1,37730.0,37730,0,4.58,37730.0,Medio,16-24
46,Masculino,Centro,App,14,1,16389.0,16389,0,5.0,16389.0,Medio,45-54
31,Masculino,Sur,Web,9,2,45245.0,90490,1,4.02,90490.0,Bajo,25-34
41,Femenino,Norte,Web,9,3,42348.0,127044,1,4.14,127044.0,Bajo,35-44
41,Masculino,Centro,App,21,3,41640.0,124920,0,4.71,124920.0,Alto,35-44
35,Femenino,Centro,Web,5,3,45904.0,137712,2,2.49,137712.0,Bajo,35-44
28,Femenino,Centro,App,25,4,34380.0,137520,0,4.27,137520.0,Alto,25-34
29,Masculino,Norte,Web,10,5,41791.0,208955,0,4.56,208955.0,Bajo,25-34
27,Femenino,Centro,Web,9,2,28476.0,56952,0,4.29,56952.0,Bajo,25-34
28,Femenino,Sur,Web,10,2,44370.0,88740,0,4.48,88740.0,Bajo,25-34
37,Femenino,Centro,Web,6,3,38167.0,114501,1,3.72,114501.0,Bajo,35-44
29,Femenino,Norte,App,26,2,17826.0,213912,0,4.49,213912.0,Alto,25-34
46,Femenino,Sur,App,15,4,49336.0,197344,0,5.0,197344.0,Medio,45-54
55,Masculino,Norte,App,14,5,36703.0,183515,0,4.76,183515.0,Medio,55-64
31,Femenino,Centro,Web,10,4,31432.0,125728,1,4.14,125728.0,Bajo,25-34
40,Masculino,Norte,Web,5,4,30687.0,122748,0,4.75,122748.0,Bajo,35-44
43,Masculino,Sur,App,18,5,32017.0,160085,1,4.34,160085.0,Medio,35-44
43,Femenino,Centro,App,22,2,39205.0,78410,1,4.22,78410.0,Alto,35-44
38,Femenino,Centro,Web,13,5,23849.0,119245,0,4.51,119245.0,Medio,35-44
46,Femenino,Norte,Web,10,1,18076.0,18076,0,5.0,18076.0,Bajo,45-54
43,Masculino,Centro,App,17,2,23676.0,47352,0,4.58,47352.0,Medio,35-44
23,Femenino,Sur,Web,12,3,38030.0,114090,1,3.88,114090.0,Medio,16-24
48,Masculino,Sur,Web,11,3,35256.0,105768,0,4.53,105768.0,Medio,45-54
48,Femenino,Centro,Web,15,3,50558.0,151674,0,4.89,151674.0,Medio,45-54
28,Masculino,Centro,Web,5,2,33421.0,66842,0,4.88,66842.0,Bajo,25-34
38,Femenino,Centro,App,21,5,45810.0,229050,0,4.46,229050.0,Alto,35-44
46,Femenino,Sur,App,18,3,28586.0,85758,1,4.14,85758.0,Medio,45-54
35,Masculino,Centro,Web,8,2,30028.0,60056,0,4.85,60056.0,Bajo,35-44
50,Masculino,Centro,Web,8,3,37614.0,112842,1,3.95,112842.0,Bajo,45-54
66,Femenino,Centro,Web,7,6,38136.0,228816,0,4.77,228816.0,Bajo,65-75
28,Masculino,Centro,Web,7,8,31315.0,250520,0,4.4,250520.0,Bajo,25-34
21,Masculino,Norte,Web,6,3,22684.0,68052,1,3.95,68052.0,Bajo,16-24
41,Masculino,Centro,App,19,0,17123.0,0,0,4.51,0.0,Medio,35-44
46,Masculino,Centro,Web,8,5,44472.0,222360,1,4.0,222360.0,Bajo,45-54
35,Femenino,Sur,Web,8,3,41481.0,124443,0,4.64,124443.0,Bajo,35-44
55,Femenino,Norte,Web,6,4,30883.0,123532,0,4.37,123532.0,Bajo,55-64
21,Femenino,Centro,Web,8,3,35890.5,113088,0,4.32,113088.0,Bajo,16-24
46,Masculino,Centro,Web,7,2,34902.0,69804,2,3.25,69804.0,Bajo,45-54
30,Masculino,Centro,Web,6,3,47774.0,143322,1,3.69,143322.0,Bajo,25-34
37,Femenino,Norte,App,20,1,22952.0,22952,0,4.62,22952.0,Medio,35-44
61,Femenino,Centro,Web,10,3,37629.0,112887,0,4.58,112887.0,Bajo,55-64
28,Masculino,Centro,Web,11,0,31721.0,0,0,4.42,0.0,Medio,25-34
31,Otro,Centro,App,23,1,36583.0,36583,0,5.0,36583.0,Alto,25-34
48,Masculino,Centro,App,20,3,55645.0,166935,1,3.6,166935.0,Medio,45-54
33,Femenino,Centro,Web,9,1,33465.0,33465,0,5.0,33465.0,Bajo,25-34
37,Femenino,Sur,App,18,0,44467.0,0,1,4.53,0.0,Medio,35-44
38,Femenino,Centro,Web,13,0,33926.0,0,0,4.49,0.0,Medio,35-44
18,Masculino,Sur,Web,11,4,45550.0,182200,1,3.91,182200.0,Medio,16-24
37,Femenino,Centro,Web,12,3,44584.0,133752,0,4.53,133752.0,Medio,35-44
29,Masculino,Norte,App,22,4,30350.0,121400,0,4.59,121400.0,Alto,25-34
32,Femenino,Norte,App,19,7,29936.0,209552,1,3.93,209552.0,Medio,25-34
55,Masculino,Centro,Web,9,3,44093.0,132279,0,4.79,132279.0,Bajo,55-64
22,Masculino,Sur,Web,10,1,25435.0,25435,1,3.75,25435.0,Bajo,16-24
47,Masculino,Centro,App,26,3,39337.0,118011,1,4.22,118011.0,Alto,45-54
34,Femenino,Sur,Web,5,3,30830.0,92490,0,4.24,92490.0,Bajo,25-34
34,Femenino,Centro,Web,14,2,39517.0,79034,0,4.4,79034.0,Medio,25-34
47,Femenino,Centro,App,11,7,35117.0,245819,0,4.5,245819.0,Medio,45-54
42,Masculino,Norte,App,14,2,35890.5,55978,0,4.39,55978.0,Medio,35-44
44,Masculino,Centro,App,22,4,49863.0,199452,0,4.75,199452.0,Alto,35-44
49,Masculino,Centro,App,23,3,40224.0,120672,0,4.9,120672.0,Alto,45-54
34,Masculino,Norte,Web,11,2,34456.0,68912,0,4.08,68912.0,Medio,25-34
30,Masculino,Norte,App,16,0,39539.0,0,0,4.53,0.0,Medio,25-34
24,Femenino,Centro,App,17,7,35890.5,94815,0,4.52,94815.0,Medio,16-24
28,Masculino,Centro,Web,16,5,59282.0,296410,0,4.55,293440.875,Medio,25-34
73,Femenino,Sur,Web,6,5,41246.0,206230,0,4.48,206230.0,Bajo,65-75
52,Femenino,Sur,Web,16,1,14241.0,14241,0,4.53,14241.0,Medio,45-54
21,Masculino,Centro,Web,6,4,47515.0,190060,0,4.53,190060.0,Bajo,16-24
22,Femenino,Centro,App,19,4,24283.0,97132,0,4.51,97132.0,Medio,16-24
43,Femenino,Centro,App,20,2,48974.0,97948,0,4.2,97948.0,Medio,35-44
44,Masculino,Sur,Web,8,1,38058.0,38058,0,4.62,38058.0,Bajo,35-44
44,Femenino,Norte,Web,8,4,17755.0,71020,1,3.7,71020.0,Bajo,35-44
34,Masculino,Centro,App,23,5,38235.0,191175,0,4.59,191175.0,Alto,25-34
36,Femenino,Sur,Web,8,5,37652.0,188260,0,4.77,188260.0,Bajo,35-44
41,Femenino,Centro,Web,6,2,49971.0,99942,1,3.89,99942.0,Bajo,35-44
39,Femenino,Centro,Web,20,6,42115.0,252690,1,4.13,252690.0,Medio,35-44
18,Femenino,Centro,Web,14,3,17827.0,53481,0,4.48,53481.0,Medio,16-24
35,Masculino,Norte,Web,11,4,47277.0,189108,0,4.86,189108.0,Medio,35-44
27,Femenino,Centro,Web,9,4,29081.0,116324,0,4.97,116324.0,Bajo,25-34
40,Masculino,Centro,Web,12,2,56643.0,113286,0,4.78,113286.0,Medio,35-44
73,Femenino,Norte,Web,9,10,36692.0,366920,2,3.26,293440.875,Bajo,65-75
42,Masculino,Norte,Web,10,4,33764.0,135056,0,4.83,135056.0,Bajo,35-44
34,Masculino,Sur,Web,16,3,25236.0,75708,1,3.96,75708.0,Medio,25-34
49,Masculino,Centro,App,23,0,31366.0,0,0,5.0,0.0,Alto,45-54
43,Femenino,Centro,App,23,2,27294.0,54588,2,3.35,54588.0,Alto,35-44
43,Femenino,Centro,Web,9,2,50567.0,101134,0,4.96,101134.0,Bajo,35-44
45,Femenino,Sur,Web,10,1,20771.0,20771,0,4.74,20771.0,Bajo,45-54
62,Masculino,Centro,App,29,4,35890.5,195816,0,4.91,195816.0,Alto,55-64
24,Femenino,Centro,Web,5,4,43543.0,174172,0,4.72,174172.0,Bajo,16-24
43,Masculino,Sur,Web,3,2,52980.0,105960,0,4.35,105960.0,Bajo,35-44
26,Masculino,Sur,App,14,3,34425.0,103275,1,4.15,103275.0,Medio,25-34
44,Femenino,Norte,App,17,6,24279.0,145674,0,4.22,145674.0,Medio,35-44
26,Masculino,Sur,App,21,2,31838.0,63676,1,4.04,63676.0,Alto,25-34
32,Femenino,Centro,Web,8,2,41936.0,83872,0,4.74,83872.0,Bajo,25-34
34,Femenino,Centro,App,22,4,36116.0,144464,0,4.58,144464.0,Alto,25-34
49,Masculino,Norte,Web,10,5,41750.0,208750,1,4.06,208750.0,Bajo,45-54
49,Masculino,Norte,App,23,2,53733.0,107466,0,4.87,107466.0,Alto,45-54
23,Masculino,Centro,Web,10,2,40434.0,80868,0,4.22,80868.0,Bajo,16-24
38,Femenino,Centro,Web,7,4,38081.0,152324,0,5.0,152324.0,Bajo,35-44
29,Femenino,Centro,App,14,3,12217.0,36651,0,4.67,36651.0,Medio,25-34
22,Masculino,Centro,Web,12,4,23893.0,95572,1,4.5,95572.0,Medio,16-24
35,Masculino,Sur,Web,16,3,30393.0,91179,0,4.91,91179.0,Medio,35-44
34,Masculino,Norte,App,18,2,11374.0,22748,0,4.68,22748.0,Medio,25-34
67,Femenino,Centro,Web,15,5,26738.0,133690,1,3.83,133690.0,Medio,65-75
43,Masculino,Norte,Web,9,0,33228.0,0,0,4.68,0.0,Bajo,35-44
21,Femenino,Sur,Web,15,4,31881.0,127524,0,4.65,127524.0,Medio,16-24
31,Femenino,Centro,App,12,3,40719.0,122157,1,4.29,122157.0,Medio,25-34
50,Masculino,Sur,App,25,1,35036.0,35036,0,5.0,35036.0,Alto,45-54
63,Femenino,Norte,Web,9,4,42426.0,169704,1,4.15,169704.0,Bajo,55-64
18,Masculino,Norte,App,19,4,27686.0,110744,0,5.0,110744.0,Medio,16-24
18,Femenino,Centro,Web,11,3,33204.0,99612,1,3.19,99612.0,Medio,16-24
